component_id,site_id,component_size,n_boxes,mass_kg,longitude,latitude,elevation_m
C1,S001,1,15,154.0,109.2432319,23.0335927,154.0
C2,S002,13,8,81.0,109.2585519,23.0703271,189.5
C2,S003,13,8,81.0,109.1688578,23.0402714,308.5
C2,S004,13,6,59.0,109.2381714,23.0778414,198.3
C2,S005,13,6,59.0,109.2283003,23.0561338,165.0
C3,S006,1,6,59.0,109.1997836,23.007714,284.8
C2,S007,13,5,45.0,109.1928191,23.0294186,318.5
C2,S008,13,5,45.0,109.2127472,23.0795113,240.9
C2,S009,13,3,25.0,109.2541424,23.0552989,200.0
C2,S010,13,3,25.0,109.2760168,23.0194009,321.6
C2,S011,13,3,25.0,109.2203356,23.0319231,182.1
C2,S012,13,3,25.0,109.2831357,23.054464,249.8
C2,S013,13,3,25.0,109.2713839,23.0310882,321.7
C2,S014,13,3,25.0,109.2835966,23.0052097,321.0
C2,S015,13,3,25.0,109.1923786,23.0494548,444.5
