scenario_id,n_groups,group_id,resource_key,required_count,inventory,utilization
R2_不设单站组,2,G1,transport_drone_A,3,4,0.3334070225857559
R2_不设单站组,2,G1,transport_drone_B,0,2,
R2_不设单站组,2,G1,transport_drone_C,2,2,0.5649386536973583
R2_不设单站组,2,G1,transport_battery_A,4,6,0.40947275339891676
R2_不设单站组,2,G1,transport_battery_B,0,4,
R2_不设单站组,2,G1,transport_battery_C,4,4,0.5691389410854427
R2_不设单站组,2,G1,relay_drone_R,2,2,0.5553222062562175
R2_不设单站组,2,G1,relay_component_R,3,6,0.42971887550200805
R2_不设单站组,2,G2,transport_drone_A,2,4,0.3343649828672488
R2_不设单站组,2,G2,transport_drone_B,2,2,0.7054824803802365
R2_不设单站组,2,G2,transport_drone_C,1,2,0.2890460926273903
R2_不设单站组,2,G2,transport_battery_A,2,6,0.5492428429313585
R2_不设单站组,2,G2,transport_battery_B,4,4,0.6835691389410854
R2_不设单站组,2,G2,transport_battery_C,1,4,0.5591908920084006
R2_不设单站组,2,G2,relay_drone_R,2,2,0.6164474411407096
R2_不设单站组,2,G2,relay_component_R,3,6,0.4724217972808666
R3_不设单站组,3,G1,transport_drone_A,2,4,0.3343649828672488
R3_不设单站组,3,G1,transport_drone_B,1,2,0.3617773847684315
R3_不设单站组,3,G1,transport_drone_C,2,2,0.3210456504918758
R3_不设单站组,3,G1,transport_battery_A,2,6,0.5492428429313585
R3_不设单站组,3,G1,transport_battery_B,1,4,0.6965845031502156
R3_不设单站组,3,G1,transport_battery_C,2,4,0.6368409417486459
R3_不设单站组,3,G1,relay_drone_R,1,2,0.5296783464131757
R3_不设单站组,3,G1,relay_component_R,1,6,0.6083784680004422
R3_不设单站组,3,G2,transport_drone_A,3,4,0.3334070225857559
R3_不设单站组,3,G2,transport_drone_B,0,2,
R3_不设单站组,3,G2,transport_drone_C,1,2,0.5219409749088095
R3_不设单站组,3,G2,transport_battery_A,4,6,0.40947275339891676
R3_不设单站组,3,G2,transport_battery_B,0,4,
R3_不设单站组,3,G2,transport_battery_C,2,4,0.5153642091300984
R3_不设单站组,3,G2,relay_drone_R,2,2,0.5553222062562175
R3_不设单站组,3,G2,relay_component_R,3,6,0.42971887550200805
R3_不设单站组,3,G3,transport_drone_A,0,4,
R3_不设单站组,3,G3,transport_drone_B,2,2,0.5245937879960207
R3_不设单站组,3,G3,transport_drone_C,1,2,0.25489112412954573
R3_不设单站组,3,G3,transport_battery_A,0,6,
R3_不设单站组,3,G3,transport_battery_B,3,4,0.6792306842047088
R3_不设单站组,3,G3,transport_battery_C,1,4,0.5313363545926827
R3_不设单站组,3,G3,relay_drone_R,2,2,0.6164474411407096
R3_不设单站组,3,G3,relay_component_R,3,6,0.4724217972808666
