scenario_id,n_groups,group_id,n_sites,n_boxes,mass_kg,diagnostic_medoid,J_group_kg_min,J_group_per_kg_min,mean_O01_B_reference_min,transport_workload_h_FIXED,relay_workload_h_FIXED,group_utilization_audit_s
K2_01,2,G1,14,74,699.0,S001,4075.6663273427553,5.830710053423112,8.467138934434551,10.240277777777775,3.098333333333333,9047.0
K2_01,2,G2,1,6,59.0,S006,0.0,0.0,5.202894581998773,1.0655555555555556,0.0,9047.0
K2_02,2,G1,2,21,213.0,S001,447.8512687590019,2.1025881162394455,4.921786450590886,1.9527777777777775,0.0,9047.0
K2_02,2,G2,13,59,545.0,S005,3617.7479278875117,6.6380695924541495,9.499376846847378,9.353055555555557,3.098333333333333,9047.0
K2_03,2,G1,1,15,154.0,S001,0.0,0.0,4.814089179467087,0.8872222222222222,0.0,9047.0
K2_03,2,G2,14,65,604.0,S005,4128.329792345134,6.834983099909162,9.079687354088989,10.418611111111112,3.098333333333333,9047.0
K3_01,3,G1,1,15,154.0,S001,0.0,0.0,4.814089179467087,0.8872222222222222,0.0,9047.0
K3_01,3,G2,13,59,545.0,S005,3617.7479278875117,6.6380695924541495,9.499376846847378,9.353055555555557,3.098333333333333,9047.0
K3_01,3,G3,1,6,59.0,S006,0.0,0.0,5.202894581998773,1.0655555555555556,0.0,9047.0
