scenario_id,group_id,n_sites,n_boxes,centroid_east_km,centroid_north_km,geometry,semi_major_km,semi_minor_km,angle_degree
K2_01,G1,14,74,0.26528,4.25968,椭圆,3.41746,2.21668,175.7681
K2_01,G2,1,6,-3.18587,-0.0493,点,0.0,0.0,0.0
K2_02,G1,2,21,0.02004,1.95902,线,2.39259,0.0,-147.9351
K2_02,G2,13,59,0.00161,4.64036,椭圆,3.77637,2.34357,179.1551
K2_03,G1,1,15,1.3024,2.76235,点,0.0,0.0,0.0
K2_03,G2,14,65,-0.29262,4.20746,椭圆,3.73824,2.57865,-170.9725
K3_01,G1,1,15,1.3024,2.76235,点,0.0,0.0,0.0
K3_01,G2,13,59,0.00161,4.64036,椭圆,3.77637,2.34357,179.1551
K3_01,G3,1,6,-3.18587,-0.0493,点,0.0,0.0,0.0
