hex_id,center_x_km,center_y_km,center_lon,center_lat,nearest_site_id,group_K2_03,group_K3_01,ground_m,highest_along_line_m,cruise_altitude_m,horizontal_km,B_one_way_empty_min,reference_only
H001,-6.822151596342975,2.650037735580381,109.16427082934004,23.032355356599183,S003,G2,G2,293.2366638183594,513.0436401367188,563.0436401367188,7.318256483000204,12.148685046215503,True
H002,-6.822151596342975,3.5333836474405085,109.16427082934004,23.040303975465577,S003,G2,G2,345.1209716796875,541.9435424804688,591.9435424804688,7.679742518681109,12.557661839875712,True
H003,-6.822151596342975,4.416729559300636,109.16427082934004,23.04825259433197,S003,G2,G2,408.74237060546875,459.0457763671875,509.0457763671875,8.120949569877181,11.610554318092703,True
H004,-6.057151596342975,2.2083647796503176,109.17173685605252,23.028381047165983,S003,G2,G2,372.93316650390625,492.7227478027344,542.7227478027344,6.4471297238511625,10.401089945175336,True
H005,-6.057151596342975,3.091710691510445,109.17173685605252,23.03632966603238,S003,G2,G2,301.09918212890625,552.8521118164062,602.8521118164062,6.797992946699593,12.00474564878514,True
H006,-6.057151596342975,3.975056603370572,109.17173685605252,23.044278284898773,S003,G2,G2,429.1697692871094,467.3435363769531,517.3435363769531,7.239456924881358,10.596352454783538,True
H007,-6.057151596342975,4.8584025152307,109.17173685605252,23.052226903765167,S003,G2,G2,503.0105895996094,517.3843994140625,567.3843994140625,7.7560667546510516,11.289701789564536,True
H008,-5.292151596342976,0.8833459118601268,109.179202882765,23.016458118866392,S007,G2,G2,372.2152099609375,563.77490234375,613.77490234375,5.367452705957774,10.074650413303777,True
H009,-5.292151596342976,1.766691823720254,109.179202882765,23.024406737732782,S007,G2,G2,490.6448059082031,532.6221923828125,582.6221923828125,5.579657860408343,9.140147934633402,True
H010,-5.292151596342976,2.650037735580381,109.179202882765,23.032355356599183,S003,G2,G2,325.9308776855469,552.8521118164062,602.8521118164062,5.916536588624527,10.859805058324127,True
H011,-5.292151596342976,3.5333836474405085,109.179202882765,23.040303975465577,S003,G2,G2,378.6777038574219,481.25244140625,531.25244140625,6.358303475049122,10.123904563748159,True
H012,-5.292151596342976,4.416729559300636,109.179202882765,23.04825259433197,S015,G2,G2,366.1494445800781,532.68798828125,582.68798828125,6.884797738774779,11.421076602653399,True
H013,-5.292151596342976,5.300075471160763,109.179202882765,23.056201213198364,S015,G2,G2,579.3626098632812,579.3626098632812,629.3626098632812,7.478145499447606,11.22939838751557,True
H014,-4.527151596342976,0.4416729559300632,109.18666890947748,23.0124838094332,S006,G2,G3,397.8748779296875,513.0775756835938,563.0775756835938,4.550789926808981,8.376548879722653,True
H015,-4.527151596342976,1.3250188677901904,109.18666890947748,23.02043242829959,S007,G2,G2,607.5813598632812,623.7349853515625,673.7349853515625,4.717866512368243,8.516625768950826,True
H016,-4.527151596342976,2.2083647796503176,109.18666890947748,23.028381047165983,S007,G2,G2,343.4071044921875,552.6129760742188,602.6129760742188,5.03553596434142,9.761484526894114,True
H017,-4.527151596342976,3.091710691510445,109.18666890947748,23.03632966603238,S007,G2,G2,411.8040466308594,440.6208801269531,490.6208801269531,5.477660764586054,8.42796240688598,True
H018,-4.527151596342976,3.975056603370572,109.18666890947748,23.044278284898773,S015,G2,G2,391.51788330078125,526.2222900390625,576.2222900390625,6.016868278118427,10.20856240971492,True
H019,-4.527151596342976,4.8584025152307,109.18666890947748,23.052226903765167,S015,G2,G2,416.83404541015625,499.9109802246094,549.9109802246094,6.629512512947098,10.398921136618737,True
H020,-4.527151596342976,5.741748427090827,109.18666890947748,23.06017552263156,S015,G2,G2,483.4714660644531,645.9454345703125,695.9454345703125,7.2971205787550755,12.481323958490883,True
H021,-4.527151596342976,6.625094338950954,109.18666890947748,23.06812414149796,S015,G2,G2,712.6146850585938,715.5408935546875,765.5408935546875,8.005954412947768,12.591906812997516,True
H022,-3.762151596342976,-0.8833459118601277,109.19413493618995,23.000560881133605,S006,G2,G3,264.87939453125,308.4967041015625,358.4967041015625,3.865782628664736,6.001633340660471,True
H023,-3.762151596342976,-4.440892098500626e-16,109.19413493618995,23.0085095,S006,G2,G3,410.1588134765625,410.1588134765625,460.1588134765625,3.7641147856312225,6.162676503348928,True
H024,-3.762151596342976,0.8833459118601268,109.19413493618995,23.016458118866392,S006,G2,G3,367.8665466308594,451.94879150390625,501.94879150390625,3.8655679392035367,7.068117073290389,True
H025,-3.762151596342976,1.766691823720254,109.19413493618995,23.024406737732782,S007,G2,G2,471.576904296875,570.6939086914062,620.6939086914062,4.155291311795328,8.149958757355053,True
H026,-3.762151596342976,2.650037735580381,109.19413493618995,23.032355356599183,S007,G2,G2,374.19781494140625,398.2139892578125,448.2139892578125,4.597831634048916,7.182776251373795,True
H027,-3.762151596342976,3.5333836474405085,109.19413493618995,23.040303975465577,S015,G2,G2,434.92779541015625,445.1763610839844,495.1763610839844,5.153974144045969,7.969830381676511,True
H028,-3.762151596342976,4.416729559300636,109.19413493618995,23.04825259433197,S015,G2,G2,412.1582946777344,533.9189453125,583.9189453125,5.791082070919616,9.914156334767455,True
H029,-3.762151596342976,5.300075471160763,109.19413493618995,23.056201213198364,S015,G2,G2,553.1947021484375,651.1224365234375,701.1224365234375,6.4853378014921965,11.177795989288203,True
H030,-3.762151596342976,6.183421383020891,109.19413493618995,23.06414983206476,S015,G2,G2,690.2308349609375,742.8192138671875,792.8192138671875,7.220275511473618,12.201557615830062,True
H031,-3.762151596342976,7.066767294881018,109.19413493618995,23.072098450931158,S008,G2,G2,428.6691589355469,592.803466796875,642.803466796875,7.9846698229884545,12.961103337934219,True
H032,-2.9971515963429765,-0.441672955930064,109.20160096290245,23.0045351905668,S006,G2,G3,293.2051086425781,293.2051086425781,343.2051086425781,3.03088240298278,4.6982310513285235,True
H033,-2.9971515963429765,0.4416729559300632,109.20160096290245,23.0124838094332,S006,G2,G3,368.8617858886719,368.8617858886719,418.8617858886719,3.0307954632573284,5.118449325222986,True
H034,-2.9971515963429765,1.3250188677901904,109.20160096290245,23.02043242829959,S007,G2,G2,470.2423095703125,470.2423095703125,520.2423095703125,3.276425129522872,5.954596308193817,True
H035,-2.9971515963429765,2.2083647796503176,109.20160096290245,23.028381047165983,S007,G2,G2,385.4386901855469,391.2938537597656,441.2938537597656,3.7194050660163898,6.047228129178367,True
H036,-2.9971515963429765,3.091710691510445,109.20160096290245,23.03632966603238,S007,G2,G2,441.58184814453125,441.58184814453125,491.58184814453125,4.299158385716613,6.931741807154743,True
H037,-2.9971515963429765,3.975056603370572,109.20160096290245,23.044278284898773,S015,G2,G2,532.830078125,535.9583129882812,585.9583129882812,4.9680310395787775,8.220102237444301,True
H038,-2.9971515963429765,4.8584025152307,109.20160096290245,23.052226903765167,S015,G2,G2,583.4352416992188,583.4352416992188,633.4352416992188,5.694706949495548,9.270425731101824,True
H039,-2.9971515963429765,5.741748427090827,109.20160096290245,23.06017552263156,S015,G2,G2,474.657470703125,474.657470703125,524.657470703125,6.459708333942675,9.516106319398112,True
H040,-2.9971515963429765,6.625094338950954,109.20160096290245,23.06812414149796,S008,G2,G2,362.5744934082031,430.9213562011719,480.9213562011719,7.250915143040713,10.607892334227095,True
H041,-2.9971515963429765,7.5084402508110815,109.20160096290245,23.07607276036435,S008,G2,G2,286.70172119140625,434.259521484375,484.259521484375,8.06061459459269,12.0541766708582,True
H042,-2.2321515963429768,-0.8833459118601277,109.20906698961493,23.000560881133605,S006,G2,G3,172.9031219482422,208.67068481445312,258.6706848144531,2.4005914245720406,3.766722473157302,True
H043,-2.2321515963429768,-4.440892098500626e-16,109.20906698961493,23.0085095,S006,G2,G3,236.26937866210938,249.6024169921875,299.6024169921875,2.2333086530800137,3.658687742246022,True
H044,-2.2321515963429768,0.8833459118601268,109.20906698961493,23.016458118866392,S006,G2,G3,257.228271484375,266.5101013183594,316.5101013183594,2.4004699228567468,3.9113460093916106,True
H045,-2.2321515963429768,1.766691823720254,109.20906698961493,23.024406737732782,S011,G2,G2,265.3048095703125,290.5592346191406,340.5592346191406,2.8436962842337343,4.643910008469342,True
H046,-2.2321515963429768,2.650037735580381,109.20906698961493,23.032355356599183,S011,G2,G2,328.0868835449219,328.0868835449219,378.0868835449219,3.4584288482132934,5.367070295486559,True
H047,-2.2321515963429768,3.5333836474405085,109.20906698961493,23.040303975465577,S011,G2,G2,404.7576904296875,404.7576904296875,454.7576904296875,4.169487368325925,6.583084244971514,True
H048,-2.2321515963429768,4.416729559300636,109.20906698961493,23.04825259433197,S015,G2,G2,360.4736022949219,384.1387939453125,434.1387939453125,4.9354125915158855,7.47733079016088,True
H049,-2.2321515963429768,5.300075471160763,109.20906698961493,23.056201213198364,S015,G2,G2,311.69049072265625,387.91485595703125,437.91485595703125,5.734261255245443,8.736313029374276,True
H050,-2.2321515963429768,6.183421383020891,109.20906698961493,23.06414983206476,S008,G2,G2,352.525634765625,369.5438537597656,419.5438537597656,6.554005908193004,9.150371656618528,True
H051,-2.2321515963429768,7.066767294881018,109.20906698961493,23.072098450931158,S008,G2,G2,266.82916259765625,356.1635437011719,406.1635437011719,7.3876942139591755,10.484464687873476,True
H052,-2.2321515963429768,7.950113206741145,109.20906698961493,23.080047069797548,S008,G2,G2,311.3441162109375,360.1605224609375,410.1605224609375,8.231090672248314,11.173657468947777,True
H053,-2.2321515963429768,8.833459118601272,109.20906698961493,23.08799568866394,S008,G2,G2,230.72073364257812,340.14630126953125,390.14630126953125,9.08149114749477,12.411417844004607,True
H054,-1.467151596342977,-0.441672955930064,109.2165330163274,23.0045351905668,S006,G2,G3,150.22386169433594,217.34896850585938,267.3489685058594,1.5324949987391827,3.0594338690418,True
H055,-1.467151596342977,0.4416729559300632,109.2165330163274,23.0124838094332,S006,G2,G3,223.2452850341797,224.36961364746094,274.36961364746094,1.5324538431879167,2.6583865367832322,True
H056,-1.467151596342977,1.3250188677901904,109.2165330163274,23.02043242829959,S011,G2,G2,231.150634765625,275.280517578125,325.280517578125,1.9743468554821801,3.7189208224975614,True
H057,-1.467151596342977,2.2083647796503176,109.2165330163274,23.028381047165983,S011,G2,G2,275.6344299316406,277.3078918457031,327.3078918457031,2.645267006117966,4.192608040923174,True
H058,-1.467151596342977,3.091710691510445,109.2165330163274,23.03632966603238,S011,G2,G2,203.8055877685547,245.7030792236328,295.7030792236328,3.412710844258202,5.137901321229817,True
H059,-1.467151596342977,3.975056603370572,109.2165330163274,23.044278284898773,S011,G2,G2,266.471923828125,289.5865478515625,339.5865478515625,4.2243962014975,6.158351872106597,True
H060,-1.467151596342977,4.8584025152307,109.2165330163274,23.052226903765167,S005,G2,G2,262.8375244140625,345.84893798828125,395.84893798828125,5.059073616804005,7.797651986878581,True
H061,-1.467151596342977,5.741748427090827,109.2165330163274,23.06017552263156,S005,G2,G2,232.36679077148438,340.14630126953125,390.14630126953125,5.9070049544241305,8.873237248622297,True
H062,-1.467151596342977,6.625094338950954,109.2165330163274,23.06812414149796,S008,G2,G2,214.781005859375,305.5638122558594,355.5638122558594,6.763207281228989,9.519136867652435,True
H063,-1.467151596342977,7.5084402508110815,109.2165330163274,23.07607276036435,S008,G2,G2,259.2752685546875,293.05218505859375,343.05218505859375,7.624895140344819,10.02701951629025,True
H064,-1.467151596342977,8.39178616267121,109.2165330163274,23.084021379230744,S008,G2,G2,250.130859375,309.2674865722656,359.2674865722656,8.490398783300925,11.24783997705094,True
H065,-0.7021515963429774,-0.8833459118601277,109.22399904303988,23.000560881133605,S006,G2,G3,129.8479766845703,175.86703491210938,225.86703491210938,1.1262448992981031,2.236882692470983,True
H066,-0.7021515963429774,-4.440892098500626e-16,109.22399904303988,23.0085095,S006,G2,G3,204.94406127929688,204.94406127929688,254.94406127929688,0.7025131419460227,1.6208149426027854,True
H067,-0.7021515963429774,0.8833459118601268,109.22399904303988,23.016458118866392,S011,G2,G2,218.8529510498047,218.8529510498047,268.8529510498047,1.1262198661054375,2.1688718015049564,True
H068,-0.7021515963429774,1.766691823720254,109.22399904303988,23.024406737732782,S011,G2,G2,217.0284881591797,218.85348510742188,268.8534851074219,1.8955135004325805,3.0358121196212697,True
H069,-0.7021515963429774,2.650037735580381,109.22399904303988,23.032355356599183,S011,G2,G2,201.3915252685547,209.64303588867188,259.6430358886719,2.7326415584987354,3.9576286685142197,True
H070,-0.7021515963429774,3.5333836474405085,109.22399904303988,23.040303975465577,S011,G2,G2,290.87860107421875,290.87860107421875,340.87860107421875,3.590466682926926,5.307066320331133,True
H071,-0.7021515963429774,4.416729559300636,109.22399904303988,23.04825259433197,S005,G2,G2,204.08316040039062,278.8504333496094,328.8504333496094,4.457054993769577,6.701567553569928,True
H072,-0.7021515963429774,5.300075471160763,109.22399904303988,23.056201213198364,S005,G2,G2,192.99742126464844,269.18634033203125,319.18634033203125,5.328132785776776,7.62522000204581,True
H073,-0.7021515963429774,6.183421383020891,109.22399904303988,23.06414983206476,S005,G2,G2,276.1549072265625,280.29327392578125,330.29327392578125,6.2018089897829665,8.177339510674651,True
H074,-0.7021515963429774,7.066767294881018,109.22399904303988,23.072098450931158,S008,G2,G2,261.7637939453125,316.9543151855469,366.9543151855469,7.077121657573363,9.693929289936113,True
H075,-0.7021515963429774,7.950113206741145,109.22399904303988,23.080047069797548,S008,G2,G2,239.83148193359375,324.4097900390625,374.4097900390625,7.9535307923835115,10.905055101346262,True
H076,-0.7021515963429774,8.833459118601272,109.22399904303988,23.08799568866394,S008,G2,G2,359.3011474609375,362.0401916503906,412.0401916503906,8.830710193793298,11.543161574646634,True
H077,0.0628484036570213,-0.441672955930064,109.23146506975236,23.0045351905668,S011,G2,G2,148.49217224121094,166.3563232421875,216.3563232421875,0.4446031966925648,1.2389663543437353,True
H078,0.0628484036570213,0.4416729559300632,109.23146506975236,23.0124838094332,S011,G2,G2,139.08587646484375,155.53013610839844,205.53013610839844,0.4446031441187185,1.1693548694689322,True
H079,0.0628484036570213,1.3250188677901904,109.23146506975236,23.02043242829959,S011,G2,G2,160.7687530517578,194.55905151367188,244.55905151367188,1.321899446536994,2.4765961054187087,True
H080,0.0628484036570213,2.2083647796503176,109.23146506975236,23.028381047165983,S011,G2,G2,151.40777587890625,213.78892517089844,263.78892517089844,2.201571034138822,3.7514472841614084,True
H081,0.0628484036570213,3.091710691510445,109.23146506975236,23.03632966603238,S011,G2,G2,223.857666015625,223.857666015625,273.857666015625,3.081585146479933,4.369303862842287,True
H082,0.0628484036570213,3.975056603370572,109.23146506975236,23.044278284898773,S005,G2,G2,183.81463623046875,223.857666015625,273.857666015625,3.9617140965384237,5.614178450363874,True
H083,0.0628484036570213,4.8584025152307,109.23146506975236,23.052226903765167,S005,G2,G2,194.10025024414062,231.67982482910156,281.67982482910156,4.841895720589641,6.619191435827684,True
H084,0.0628484036570213,5.741748427090827,109.23146506975236,23.06017552263156,S005,G2,G2,254.18650817871094,278.6491394042969,328.6491394042969,5.72210610031157,7.770697316318411,True
H085,0.0628484036570213,6.625094338950954,109.23146506975236,23.06812414149796,S004,G2,G2,320.803466796875,320.803466796875,370.803466796875,6.602334071820562,8.81983489533882,True
H086,0.0628484036570213,7.5084402508110815,109.23146506975236,23.07607276036435,S004,G2,G2,326.0048828125,330.83587646484375,380.83587646484375,7.4825737242911945,9.885821187254974,True
H087,0.0628484036570213,8.39178616267121,109.23146506975236,23.084021379230744,S004,G2,G2,302.630859375,330.83587646484375,380.83587646484375,8.362821635531096,11.019701244882642,True
H088,0.827848403657022,-0.8833459118601277,109.23893109646482,23.000560881133605,S001,G1,G1,276.2212829589844,282.8733825683594,332.8733825683594,1.2086947746145271,2.660526983458416,True
H089,0.827848403657022,-4.440892098500626e-16,109.23893109646482,23.0085095,S001,G1,G1,225.35394287109375,228.4914093017578,278.4914093017578,0.8282718325022405,1.9122818639944599,True
H090,0.827848403657022,0.8833459118601268,109.23893109646482,23.016458118866392,S001,G1,G1,176.93223571777344,189.9127197265625,239.9127197265625,1.2086621123461152,2.1862317944796246,True
H091,0.827848403657022,1.766691823720254,109.23893109646482,23.024406737732782,S001,G1,G1,215.45803833007812,229.85775756835938,279.8577575683594,1.945619983892638,3.236452319071247,True
H092,0.827848403657022,2.650037735580381,109.23893109646482,23.032355356599183,S001,G1,G1,187.89675903320312,203.72088623046875,253.72088623046875,2.7676267330386684,4.014084363749562,True
H093,0.827848403657022,3.5333836474405085,109.23893109646482,23.040303975465577,S001,G1,G1,186.59194946289062,229.55665588378906,279.55665588378906,3.617157777001421,5.282476994384174,True
H094,0.827848403657022,4.416729559300636,109.23893109646482,23.04825259433197,S005,G2,G2,274.8214111328125,277.4153137207031,327.4153137207031,4.478577845807099,6.23635314437551,True
H095,0.827848403657022,5.300075471160763,109.23893109646482,23.056201213198364,S005,G2,G2,266.51019287109375,312.8024597167969,362.8024597167969,5.346143431956051,7.688232590682505,True
H096,0.827848403657022,6.183421383020891,109.23893109646482,23.06414983206476,S005,G2,G2,302.02935791015625,341.6918029785156,391.6918029785156,6.217282771237093,8.772462729488696,True
H097,0.827848403657022,7.066767294881018,109.23893109646482,23.072098450931158,S004,G2,G2,248.2866668701172,351.9418029785156,401.9418029785156,7.090679118495002,10.22646550004219,True
H098,0.827848403657022,7.950113206741145,109.23893109646482,23.080047069797548,S004,G2,G2,236.684326171875,355.9978942871094,405.9978942871094,7.965590371182651,11.325512501455115,True
H099,1.5928484036570223,-0.441672955930064,109.2463971231773,23.0045351905668,S001,G1,G1,370.3957214355469,370.3957214355469,420.3957214355469,1.6533434251090884,3.5964689247631365,True
H100,1.5928484036570223,0.4416729559300632,109.2463971231773,23.0124838094332,S001,G1,G1,305.9754638671875,305.9754638671875,355.9754638671875,1.65329845301035,3.23852863594032,True
H101,1.5928484036570223,1.3250188677901904,109.2463971231773,23.02043242829959,S001,G1,G1,212.4921417236328,222.33563232421875,272.33563232421875,2.0695368272824535,3.3019732583411807,True
H102,1.5928484036570223,2.2083647796503176,109.2463971231773,23.028381047165983,S001,G1,G1,229.65682983398438,268.4610900878906,318.4610900878906,2.7170406035935204,4.470746239507123,True
H103,1.5928484036570223,3.091710691510445,109.2463971231773,23.03632966603238,S001,G1,G1,179.9442901611328,258.9745178222656,308.9745178222656,3.4686281306242943,5.521313428558244,True
H104,1.5928484036570223,3.975056603370572,109.2463971231773,23.044278284898773,S001,G1,G1,168.1232452392578,219.37615966796875,269.37615966796875,4.269684008161473,6.006202547859535,True
H105,1.5928484036570223,4.8584025152307,109.2463971231773,23.052226903765167,S009,G2,G2,210.52349853515625,253.6144256591797,303.6144256591797,5.096937841021445,7.061172813401649,True
H106,1.5928484036570223,5.741748427090827,109.2463971231773,23.06017552263156,S009,G2,G2,274.350830078125,309.3195495605469,359.3195495605469,5.939453429221984,8.252626104354722,True
H107,1.5928484036570223,6.625094338950954,109.2463971231773,23.06812414149796,S002,G2,G2,225.81561279296875,295.83074951171875,345.83074951171875,6.791553653721328,9.35810913510269,True
H108,1.5928484036570223,7.5084402508110815,109.2463971231773,23.07607276036435,S004,G2,G2,271.8021545410156,342.187744140625,392.187744140625,7.6500367182828395,10.571987751759577,True
H109,1.5928484036570223,8.39178616267121,109.2463971231773,23.084021379230744,S004,G2,G2,288.4150695800781,344.3619079589844,394.3619079589844,8.512972088172223,11.446625175822868,True
H110,2.3578484036570213,-0.8833459118601277,109.25386314988978,23.000560881133605,S010,G2,G2,279.44482421875,378.21258544921875,428.21258544921875,2.517993099853203,5.2590695494245665,True
H111,2.3578484036570213,-4.440892098500626e-16,109.25386314988978,23.0085095,S010,G2,G2,335.4546813964844,335.4546813964844,385.4546813964844,2.3590463549968756,4.18646640219922,True
H112,2.3578484036570213,0.8833459118601268,109.25386314988978,23.016458118866392,S001,G1,G1,305.2342834472656,313.7143249511719,363.7143249511719,2.5178638235804964,4.298684108177548,True
H113,2.3578484036570213,1.766691823720254,109.25386314988978,23.024406737732782,S001,G1,G1,185.43504333496094,242.77719116210938,292.7771911621094,2.9434519335029394,4.703211973640419,True
H114,2.3578484036570213,2.650037735580381,109.25386314988978,23.032355356599183,S001,G1,G1,213.60565185546875,296.1038513183594,346.1038513183594,3.5408921623751612,5.831000684160336,True
H115,2.3578484036570213,3.5333836474405085,109.25386314988978,23.040303975465577,S001,G1,G1,214.2538299560547,268.8152160644531,318.8152160644531,4.238120662056361,6.267850065587797,True
H116,2.3578484036570213,4.416729559300636,109.25386314988978,23.04825259433197,S009,G2,G2,205.2638397216797,259.7140197753906,309.7140197753906,4.993511996383967,7.055870195092429,True
H117,2.3578484036570213,5.300075471160763,109.25386314988978,23.056201213198364,S009,G2,G2,206.38612365722656,239.56796264648438,289.5679626464844,5.784324307491353,7.6808390607325805,True
H118,2.3578484036570213,6.183421383020891,109.25386314988978,23.06414983206476,S002,G2,G2,226.41864013671875,252.1200714111328,302.1200714111328,6.597833592126015,8.60460281869796,True
H119,2.3578484036570213,7.066767294881018,109.25386314988978,23.072098450931158,S002,G2,G2,264.8585205078125,298.5135803222656,348.5135803222656,7.4265852018042455,9.836203847002547,True
H120,2.3578484036570213,7.950113206741145,109.25386314988978,23.080047069797548,S002,G2,G2,209.15769958496094,312.6877746582031,362.6877746582031,8.265996074447653,11.313461553531244,True
H121,3.12284840365702,-0.441672955930064,109.26132917660225,23.0045351905668,S010,G2,G2,325.6675720214844,369.64019775390625,419.64019775390625,3.1553228824737976,5.554288472930955,True
H122,3.12284840365702,0.4416729559300632,109.26132917660225,23.0124838094332,S010,G2,G2,329.2361755371094,359.1633605957031,409.1633605957031,3.155232224167328,5.402346819441562,True
H123,3.12284840365702,1.3250188677901904,109.26132917660225,23.02043242829959,S010,G2,G2,264.8547668457031,321.4961853027344,371.4961853027344,3.391849535134865,5.634087747100805,True
H124,3.12284840365702,2.2083647796503176,109.26132917660225,23.028381047165983,S013,G2,G2,248.3639373779297,286.94091796875,336.94091796875,3.821455950737674,5.79902491569594,True
H125,3.12284840365702,3.091710691510445,109.26132917660225,23.03632966603238,S013,G2,G2,247.1616973876953,345.377685546875,395.377685546875,4.387726265657989,7.150456247052713,True
H126,3.12284840365702,3.975056603370572,109.26132917660225,23.044278284898773,S009,G2,G2,262.3323974609375,285.5491027832031,335.5491027832031,5.044848493061961,7.048215821012856,True
H127,3.12284840365702,4.8584025152307,109.26132917660225,23.052226903765167,S009,G2,G2,242.30909729003906,298.5826721191406,348.5826721191406,5.761822076741334,8.137640984790718,True
H128,3.12284840365702,5.741748427090827,109.26132917660225,23.06017552263156,S009,G2,G2,217.12623596191406,285.3899841308594,335.3899841308594,6.518929223111403,8.985512925310413,True
H129,3.12284840365702,6.625094338950954,109.26132917660225,23.06812414149796,S002,G2,G2,263.51507568359375,284.5265197753906,334.5265197753906,7.3037000548084965,9.53766813137359,True
H130,3.12284840365702,7.5084402508110815,109.26132917660225,23.07607276036435,S002,G2,G2,254.9899444580078,261.6316833496094,311.6316833496094,8.10810624785751,10.208461219950186,True
H131,3.8878484036570207,-0.8833459118601277,109.26879520331472,23.000560881133605,S014,G2,G2,487.4699401855469,487.4699401855469,537.4699401855469,3.9882791775458575,6.841254309415103,True
H132,3.8878484036570207,-4.440892098500626e-16,109.26879520331472,23.0085095,S010,G2,G2,325.9057312011719,397.380126953125,447.380126953125,3.8898105102615856,6.707841688376588,True
H133,3.8878484036570207,0.8833459118601268,109.26879520331472,23.016458118866392,S010,G2,G2,370.4175720214844,384.7737121582031,434.7737121582031,3.9880569529775336,6.366180393987625,True
H134,3.8878484036570207,1.766691823720254,109.26879520331472,23.024406737732782,S013,G2,G2,363.7707214355469,364.00439453125,414.00439453125,4.269460459026167,6.4693160780629295,True
H135,3.8878484036570207,2.650037735580381,109.26879520331472,23.032355356599183,S013,G2,G2,254.91476440429688,296.741455078125,346.741455078125,4.701245931676563,6.852681501233508,True
H136,3.8878484036570207,3.5333836474405085,109.26879520331472,23.040303975465577,S013,G2,G2,316.25115966796875,317.02362060546875,367.02362060546875,5.246414471797418,7.297408156055291,True
H137,3.8878484036570207,4.416729559300636,109.26879520331472,23.04825259433197,S012,G2,G2,265.5712890625,307.1729736328125,357.1729736328125,5.873478659624717,8.21161515023406,True
H138,3.8878484036570207,5.300075471160763,109.26879520331472,23.056201213198364,S012,G2,G2,260.17730712890625,323.9449768066406,373.9449768066406,6.558992150607678,9.21424783634143,True
H139,3.8878484036570207,6.183421383020891,109.26879520331472,23.06414983206476,S002,G2,G2,263.0570068359375,303.1193542480469,353.1193542480469,7.286477109522249,9.748831072483489,True
H140,3.8878484036570207,7.066767294881018,109.26879520331472,23.072098450931158,S002,G2,G2,261.3038024902344,305.358154296875,355.358154296875,8.044555173028506,10.630191172614138,True
H141,4.652848403657021,-1.3250188677901913,109.2762612300272,22.99658657170041,S014,G2,G2,349.7166748046875,483.50885009765625,533.5088500976562,4.839019667456229,8.656463299669248,True
H142,4.652848403657021,-0.441672955930064,109.2762612300272,23.0045351905668,S014,G2,G2,541.4173583984375,541.4173583984375,591.4173583984375,4.6760165963952005,7.905114875985987,True
H143,4.652848403657021,0.4416729559300632,109.2762612300272,23.0124838094332,S010,G2,G2,414.9656982421875,427.7243957519531,477.7243957519531,4.675880771043533,7.35839437206877,True
H144,4.652848403657021,1.3250188677901904,109.2762612300272,23.02043242829959,S010,G2,G2,346.5144958496094,389.915283203125,439.915283203125,4.838626366884589,7.533452785579231,True
H145,4.652848403657021,2.2083647796503176,109.2762612300272,23.028381047165983,S013,G2,G2,348.9845886230469,370.7488708496094,420.7488708496094,5.14883171814403,7.627401961946058,True
H146,4.652848403657021,3.091710691510445,109.2762612300272,23.03632966603238,S013,G2,G2,373.3857421875,376.2256164550781,426.2256164550781,5.5819668817593096,8.012926899600188,True
H147,4.652848403657021,3.975056603370572,109.2762612300272,23.044278284898773,S012,G2,G2,335.8664245605469,414.2157897949219,464.2157897949219,6.111952895389861,9.31625337307858,True
H148,4.652848403657021,4.8584025152307,109.2762612300272,23.052226903765167,S012,G2,G2,323.7323303222656,379.3465576171875,429.3465576171875,6.715900110769023,9.64202029180499,True
H149,4.652848403657021,5.741748427090827,109.2762612300272,23.06017552263156,S012,G2,G2,291.5088195800781,330.1986083984375,380.1986083984375,7.3756624810643565,9.989215839963,True
H150,4.652848403657021,6.625094338950954,109.2762612300272,23.06812414149796,S012,G2,G2,361.5941467285156,361.5941467285156,411.5941467285156,8.0775751847761,10.685606576020753,True
H151,5.41784840365702,-0.8833459118601277,109.28372725673968,23.000560881133605,S014,G2,G2,237.4259796142578,485.7829895019531,535.7829895019531,5.491729544022698,10.158096167620705,True
H152,5.41784840365702,-4.440892098500626e-16,109.28372725673968,23.0085095,S014,G2,G2,365.4006652832031,548.633544921875,598.633544921875,5.4205643830239145,9.994032650517024,True
H153,5.41784840365702,0.8833459118601268,109.28372725673968,23.016458118866392,S010,G2,G2,411.9537048339844,428.7535705566406,478.7535705566406,5.491416019087435,8.297203406896195,True
H154,5.41784840365702,1.766691823720254,109.28372725673968,23.024406737732782,S010,G2,G2,386.3665771484375,394.34820556640625,444.34820556640625,5.698990509737445,8.277912564530322,True
H155,5.41784840365702,2.650037735580381,109.28372725673968,23.032355356599183,S013,G2,G2,369.0866394042969,437.6618957519531,487.6618957519531,6.0291833187504045,9.289382595106787,True
H156,5.41784840365702,3.5333836474405085,109.28372725673968,23.040303975465577,S012,G2,G2,278.1759033203125,388.1759948730469,438.1759948730469,6.4632290949453,9.772899576252154,True
H157,5.41784840365702,4.416729559300636,109.28372725673968,23.04825259433197,S012,G2,G2,269.3928527832031,388.1203308105469,438.1203308105469,6.981785861483339,10.406947093000152,True
H158,5.41784840365702,5.300075471160763,109.28372725673968,23.056201213198364,S012,G2,G2,264.2398986816406,388.6822509765625,438.6822509765625,7.567500670355647,11.098962265564435,True
H159,5.41784840365702,6.183421383020891,109.28372725673968,23.06414983206476,S012,G2,G2,398.2017517089844,398.2017517089844,448.2017517089844,8.206005881985304,11.031682933922474,True
H160,6.182848403657019,-0.441672955930064,109.29119328345216,23.0045351905668,S014,G2,G2,405.6596374511719,533.8141479492188,583.8141479492188,6.201665650793085,10.412403837252734,True
H161,6.182848403657019,0.4416729559300632,109.29119328345216,23.0124838094332,S014,G2,G2,409.7590637207031,509.4601745605469,559.4601745605469,6.201484805327907,10.087213714633004,True
H162,6.182848403657019,1.3250188677901904,109.29119328345216,23.02043242829959,S010,G2,G2,600.19287109375,600.19287109375,650.19287109375,6.325019720781796,10.06387119583394,True
H163,6.182848403657019,2.2083647796503176,109.29119328345216,23.028381047165983,S010,G2,G2,321.34381103515625,493.6591796875,543.6591796875,6.565290803313815,10.887754348517086,True
H164,6.182848403657019,3.091710691510445,109.29119328345216,23.03632966603238,S013,G2,G2,300.8204345703125,440.0791015625,490.0791015625,6.910132042069348,10.752866168705527,True
H165,6.182848403657019,3.975056603370572,109.29119328345216,23.044278284898773,S012,G2,G2,229.1377410888672,393.0167541503906,443.0167541503906,7.344829708499821,11.138541730689905,True
H166,6.182848403657019,4.8584025152307,109.29119328345216,23.052226903765167,S012,G2,G2,254.19046020507812,382.93194580078125,432.93194580078125,7.8544792071814555,11.414542055288422,True
