hex_id,center_x_km,center_y_km,center_lon,center_lat,nearest_site_id,center_to_nearest_site_km,base_to_nearest_site_km,group_K2_02,group_K3_01
H001,-6.822151596342975,2.6500377355803812,109.16427082934004,23.032355356599183,S003,0.9974053184178765,7.26332771715712,G1,G1
H002,-6.822151596342975,3.5333836474405085,109.16427082934004,23.040303975465577,S003,0.4700139420048162,7.26332771715712,G1,G1
H003,-6.822151596342975,4.416729559300636,109.16427082934004,23.04825259433197,S003,1.0037972116665537,7.26332771715712,G1,G1
H004,-6.057151596342975,2.2083647796503176,109.17173685605252,23.028381047165986,S003,1.3539274356378719,7.26332771715712,G1,G1
H005,-6.057151596342975,3.091710691510445,109.17173685605252,23.03632966603238,S003,0.528124263259685,7.26332771715712,G1,G1
H006,-6.057151596342975,3.975056603370572,109.17173685605252,23.044278284898773,S003,0.5341450869513131,7.26332771715712,G1,G1
H007,-6.057151596342975,4.8584025152307,109.17173685605252,23.052226903765167,S003,1.3609947503149553,7.26332771715712,G1,G1
H008,-5.2921515963429755,0.8833459118601268,109.179202882765,23.016458118866392,S007,2.0052541479739316,4.5345279956776325,G1,G1
H009,-5.2921515963429755,1.766691823720254,109.179202882765,23.024406737732786,S007,1.502243398771732,4.5345279956776325,G1,G1
H010,-5.2921515963429755,2.6500377355803812,109.179202882765,23.032355356599183,S003,1.377504036004346,7.26332771715712,G1,G1
H011,-5.2921515963429755,3.5333836474405085,109.179202882765,23.040303975465577,S003,1.0600061819059847,7.26332771715712,G1,G1
H012,-5.2921515963429755,4.416729559300636,109.179202882765,23.04825259433197,S015,1.3566333025328268,6.009472571153206,G1,G1
H013,-5.2921515963429755,5.300075471160763,109.179202882765,23.056201213198364,S015,1.5442531109270499,6.009472571153206,G1,G1
H014,-4.527151596342976,0.4416729559300632,109.18666890947748,23.012483809433196,S006,1.4445561871172483,3.186250613300848,G2,G2
H015,-4.527151596342976,1.3250188677901904,109.18666890947748,23.02043242829959,S007,1.180857115803373,4.5345279956776325,G1,G1
H016,-4.527151596342976,2.2083647796503176,109.18666890947748,23.028381047165986,S007,0.6406360582499602,4.5345279956776325,G1,G1
H017,-4.527151596342976,3.091710691510445,109.18666890947748,23.03632966603238,S007,0.9934815500635286,4.5345279956776325,G1,G1
H018,-4.527151596342976,3.975056603370572,109.18666890947748,23.044278284898773,S015,0.8204956422407581,6.009472571153206,G1,G1
H019,-4.527151596342976,4.8584025152307,109.18666890947748,23.052226903765167,S015,0.6611935057173663,6.009472571153206,G1,G1
H020,-4.527151596342976,5.741748427090827,109.18666890947748,23.06017552263156,S015,1.3273057692444374,6.009472571153206,G1,G1
H021,-4.527151596342976,6.625094338950954,109.18666890947748,23.068124141497957,S015,2.1556679610126217,6.009472571153206,G1,G1
H022,-3.762151596342976,-0.8833459118601277,109.19413493618995,23.000560881133605,S006,0.9833223655340015,3.186250613300848,G2,G2
H023,-3.762151596342976,-4.440892098500626e-16,109.19413493618995,23.0085095,S006,0.5854982144987362,3.186250613300848,G2,G2
H024,-3.762151596342976,0.8833459118601268,109.19413493618995,23.016458118866392,S006,1.131058550121536,3.186250613300848,G2,G2
H025,-3.762151596342976,1.766691823720254,109.19413493618995,23.024406737732786,S007,0.5730644448229717,4.5345279956776325,G1,G1
H026,-3.762151596342976,2.6500377355803812,109.19413493618995,23.032355356599183,S007,0.3531202190569754,4.5345279956776325,G1,G1
H027,-3.762151596342976,3.5333836474405085,109.19413493618995,23.040303975465577,S015,1.032749863389496,6.009472571153206,G1,G1
H028,-3.762151596342976,4.416729559300636,109.19413493618995,23.04825259433197,S015,0.22413396306175845,6.009472571153206,G1,G1
H029,-3.762151596342976,5.300075471160763,109.19413493618995,23.056201213198364,S015,0.7710381225753477,6.009472571153206,G1,G1
H030,-3.762151596342976,6.183421383020891,109.19413493618995,23.064149832064757,S015,1.6429739923477984,6.009472571153206,G1,G1
H031,-3.762151596342976,7.066767294881018,109.19413493618995,23.072098450931154,S008,2.077413043826337,8.079114648829174,G1,G1
H032,-2.9971515963429765,-0.441672955930064,109.20160096290243,23.004535190566802,S006,0.39934163397233263,3.186250613300848,G2,G2
H033,-2.9971515963429765,0.4416729559300632,109.20160096290243,23.012483809433196,S006,0.5618354076110864,3.186250613300848,G2,G2
H034,-2.9971515963429765,1.3250188677901904,109.20160096290243,23.02043242829959,S007,1.3442437117987476,4.5345279956776325,G1,G1
H035,-2.9971515963429765,2.2083647796503176,109.20160096290243,23.028381047165986,S007,0.9071836572034683,4.5345279956776325,G1,G1
H036,-2.9971515963429765,3.091710691510445,109.20160096290243,23.03632966603238,S007,1.1830355950197124,4.5345279956776325,G1,G1
H037,-2.9971515963429765,3.975056603370572,109.20160096290243,23.044278284898773,S015,1.1062979773970112,6.009472571153206,G1,G1
H038,-2.9971515963429765,4.8584025152307,109.20160096290243,23.052226903765167,S015,0.993910945638222,6.009472571153206,G1,G1
H039,-2.9971515963429765,5.741748427090827,109.20160096290243,23.06017552263156,S015,1.5206652231593287,6.009472571153206,G1,G1
H040,-2.9971515963429765,6.625094338950954,109.20160096290243,23.068124141497957,S008,1.7046414388712996,8.079114648829174,G1,G1
H041,-2.9971515963429765,7.5084402508110815,109.20160096290243,23.07607276036435,S008,1.2043227689508238,8.079114648829174,G1,G1
H042,-2.2321515963429768,-0.8833459118601277,109.20906698961491,23.000560881133605,S006,1.2396529038671171,3.186250613300848,G2,G2
H043,-2.2321515963429768,-4.440892098500626e-16,109.20906698961491,23.0085095,S006,0.9553138786220994,3.186250613300848,G2,G2
H044,-2.2321515963429768,0.8833459118601268,109.20906698961491,23.016458118866392,S006,1.3598198010434406,3.186250613300848,G2,G2
H045,-2.2321515963429768,1.766691823720254,109.20906698961491,23.024406737732786,S011,1.4250989306217645,2.8080980667915605,G1,G3
H046,-2.2321515963429768,2.6500377355803812,109.20906698961491,23.032355356599183,S011,1.1556273153057088,2.8080980667915605,G1,G3
H047,-2.2321515963429768,3.5333836474405085,109.20906698961491,23.040303975465577,S011,1.483456107103295,2.8080980667915605,G1,G3
H048,-2.2321515963429768,4.416729559300636,109.20906698961491,23.04825259433197,S015,1.7151729210940836,6.009472571153206,G1,G1
H049,-2.2321515963429768,5.300075471160763,109.20906698961491,23.056201213198364,S015,1.8671052199383833,6.009472571153206,G1,G1
H050,-2.2321515963429768,6.183421383020891,109.20906698961491,23.064149832064757,S008,1.7483020092577313,8.079114648829174,G1,G1
H051,-2.2321515963429768,7.066767294881018,109.20906698961491,23.072098450931154,S008,0.9060081745054984,8.079114648829174,G1,G1
H052,-2.2321515963429768,7.950113206741145,109.20906698961491,23.080047069797548,S008,0.3817613246086484,8.079114648829174,G1,G1
H053,-2.2321515963429768,8.833459118601272,109.20906698961491,23.08799568866394,S008,1.0154962361639326,8.079114648829174,G1,G1
H054,-1.467151596342977,-0.441672955930064,109.21653301632739,23.004535190566802,S006,1.7521958190026825,3.186250613300848,G2,G2
H055,-1.467151596342977,0.4416729559300632,109.21653301632739,23.012483809433196,S006,1.7962114220637573,3.186250613300848,G2,G2
H056,-1.467151596342977,1.3250188677901904,109.21653301632739,23.02043242829959,S011,1.3350998649556105,2.8080980667915605,G1,G3
H057,-1.467151596342977,2.2083647796503176,109.21653301632739,23.028381047165986,S011,0.553858446921118,2.8080980667915605,G1,G3
H058,-1.467151596342977,3.091710691510445,109.21653301632739,23.03632966603238,S011,0.6258008541439165,2.8080980667915605,G1,G3
H059,-1.467151596342977,3.975056603370572,109.21653301632739,23.044278284898773,S011,1.427268103359925,2.8080980667915605,G1,G3
H060,-1.467151596342977,4.8584025152307,109.21653301632739,23.052226903765167,S005,1.281516718129767,5.280641689465082,G1,G1
H061,-1.467151596342977,5.741748427090827,109.21653301632739,23.06017552263156,S005,1.2866704070093642,5.280641689465082,G1,G1
H062,-1.467151596342977,6.625094338950954,109.21653301632739,23.068124141497957,S008,1.3235967258678871,8.079114648829174,G1,G1
H063,-1.467151596342977,7.5084402508110815,109.21653301632739,23.07607276036435,S008,0.5445173912965089,8.079114648829174,G1,G1
H064,-1.467151596342977,8.39178616267121,109.21653301632739,23.084021379230744,S008,0.6337902540434966,8.079114648829174,G1,G1
H065,-0.7021515963429774,-0.8833459118601277,109.22399904303987,23.000560881133605,S006,2.605447326194288,3.186250613300848,G2,G2
H066,-0.7021515963429774,-4.440892098500626e-16,109.22399904303987,23.0085095,S006,2.482788966906931,3.186250613300848,G2,G2
H067,-0.7021515963429774,0.8833459118601268,109.22399904303987,23.016458118866392,S011,1.7591692177700475,2.8080980667915605,G1,G3
H068,-0.7021515963429774,1.766691823720254,109.22399904303987,23.024406737732786,S011,0.9157750087063222,2.8080980667915605,G1,G3
H069,-0.7021515963429774,2.6500377355803812,109.22399904303987,23.032355356599183,S011,0.3784328162203267,2.8080980667915605,G1,G3
H070,-0.7021515963429774,3.5333836474405085,109.22399904303987,23.040303975465577,S011,1.0041807238808311,2.8080980667915605,G1,G3
H071,-0.7021515963429774,4.416729559300636,109.22399904303987,23.04825259433197,S005,0.9804889876107361,5.280641689465082,G1,G1
H072,-0.7021515963429774,5.300075471160763,109.22399904303987,23.056201213198364,S005,0.4407882623817027,5.280641689465082,G1,G1
H073,-0.7021515963429774,6.183421383020891,109.22399904303987,23.064149832064757,S005,0.9938963374925147,5.280641689465082,G1,G1
H074,-0.7021515963429774,7.066767294881018,109.22399904303987,23.072098450931154,S008,1.4169885920083336,8.079114648829174,G1,G1
H075,-0.7021515963429774,7.950113206741145,109.22399904303987,23.080047069797548,S008,1.1544468660696012,8.079114648829174,G1,G1
H076,-0.7021515963429774,8.833459118601272,109.22399904303987,23.08799568866394,S008,1.4893751922447505,8.079114648829174,G1,G1
H077,0.06284840365702138,-0.441672955930064,109.23146506975235,23.004535190566802,S011,3.2502912937571433,2.8080980667915605,G1,G3
H078,0.06284840365702138,0.4416729559300632,109.23146506975235,23.012483809433196,S011,2.442838722489651,2.8080980667915605,G1,G3
H079,0.06284840365702138,1.3250188677901904,109.23146506975235,23.02043242829959,S011,1.7120538992439032,2.8080980667915605,G1,G3
H080,0.06284840365702138,2.2083647796503176,109.23146506975235,23.028381047165986,S011,1.206397979000975,2.8080980667915605,G1,G3
H081,0.06284840365702138,3.091710691510445,109.23146506975235,23.03632966603238,S011,1.2410735729838982,2.8080980667915605,G1,G3
H082,0.06284840365702138,3.975056603370572,109.23146506975235,23.044278284898773,S005,1.356846421230407,5.280641689465082,G1,G1
H083,0.06284840365702138,4.8584025152307,109.23146506975235,23.052226903765167,S005,0.5419112918488753,5.280641689465082,G1,G1
H084,0.06284840365702138,5.741748427090827,109.23146506975235,23.06017552263156,S005,0.5539887053549658,5.280641689465082,G1,G1
H085,0.06284840365702138,6.625094338950954,109.23146506975235,23.068124141497957,S004,1.2799871481187566,7.714729255043233,G1,G1
H086,0.06284840365702138,7.5084402508110815,109.23146506975235,23.07607276036435,S004,0.7147163600718366,7.714729255043233,G1,G1
H087,0.06284840365702138,8.39178616267121,109.23146506975235,23.084021379230744,S004,0.971530674430552,7.714729255043233,G1,G1
H088,0.827848403657022,-0.8833459118601277,109.23893109646482,23.000560881133605,S001,3.6972484341253082,3.053988702682487,G1,G1
H089,0.827848403657022,-4.440892098500626e-16,109.23893109646482,23.0085095,S001,2.8221642289124786,3.053988702682487,G1,G1
H090,0.827848403657022,0.8833459118601268,109.23893109646482,23.016458118866392,S001,1.95452702367204,3.053988702682487,G1,G1
H091,0.827848403657022,1.766691823720254,109.23893109646482,23.024406737732786,S001,1.1119086462364618,3.053988702682487,G1,G1
H092,0.827848403657022,2.6500377355803812,109.23893109646482,23.032355356599183,S001,0.461633825544141,3.053988702682487,G1,G1
H093,0.827848403657022,3.5333836474405085,109.23893109646482,23.040303975465577,S001,0.8662971431314056,3.053988702682487,G1,G1
H094,0.827848403657022,4.416729559300636,109.23893109646482,23.04825259433197,S005,1.3977272281146822,5.280641689465082,G1,G1
H095,0.827848403657022,5.300075471160763,109.23893109646482,23.056201213198364,S005,1.089301171228925,5.280641689465082,G1,G1
H096,0.827848403657022,6.183421383020891,109.23893109646482,23.064149832064757,S005,1.40716476614086,5.280641689465082,G1,G1
H097,0.827848403657022,7.066767294881018,109.23893109646482,23.072098450931154,S004,0.6429548997483855,7.714729255043233,G1,G1
H098,0.827848403657022,7.950113206741145,109.23893109646482,23.080047069797548,S004,0.2571835514095013,7.714729255043233,G1,G1
H099,1.5928484036570225,-0.441672955930064,109.2463971231773,23.004535190566802,S001,3.245464668962235,3.053988702682487,G1,G1
H100,1.5928484036570225,0.4416729559300632,109.2463971231773,23.012483809433196,S001,2.368186198083518,3.053988702682487,G1,G1
H101,1.5928484036570225,1.3250188677901904,109.2463971231773,23.02043242829959,S001,1.498055679907922,3.053988702682487,G1,G1
H102,1.5928484036570225,2.2083647796503176,109.2463971231773,23.028381047165986,S001,0.6638040158175488,3.053988702682487,G1,G1
H103,1.5928484036570225,3.091710691510445,109.2463971231773,23.03632966603238,S001,0.44463549422714943,3.053988702682487,G1,G1
H104,1.5928484036570225,3.975056603370572,109.2463971231773,23.044278284898773,S001,1.2310018984704036,3.053988702682487,G1,G1
H105,1.5928484036570225,4.8584025152307,109.2463971231773,23.052226903765167,S009,0.8639292550260929,5.70514881964451,G1,G1
H106,1.5928484036570225,5.741748427090827,109.2463971231773,23.06017552263156,S009,0.9610048480483491,5.70514881964451,G1,G1
H107,1.5928484036570225,6.625094338950954,109.2463971231773,23.068124141497957,S002,1.269263246434548,7.411307708858319,G1,G1
H108,1.5928484036570225,7.5084402508110815,109.2463971231773,23.07607276036435,S004,0.8654564731237075,7.714729255043233,G1,G1
H109,1.5928484036570225,8.39178616267121,109.2463971231773,23.084021379230744,S004,1.0872291767961688,7.714729255043233,G1,G1
H110,2.3578484036570213,-0.8833459118601277,109.25386314988978,23.000560881133605,S010,3.088105456719137,4.784474876318895,G1,G1
H111,2.3578484036570213,-4.440892098500626e-16,109.25386314988978,23.0085095,S010,2.5724932356891617,4.784474876318895,G1,G1
H112,2.3578484036570213,0.8833459118601268,109.25386314988978,23.016458118866392,S001,2.193764071780138,3.053988702682487,G1,G1
H113,2.3578484036570213,1.766691823720254,109.25386314988978,23.024406737732786,S001,1.4929051389637884,3.053988702682487,G1,G1
H114,2.3578484036570213,2.6500377355803812,109.25386314988978,23.032355356599183,S001,1.0979666230152927,3.053988702682487,G1,G1
H115,2.3578484036570213,3.5333836474405085,109.25386314988978,23.040303975465577,S001,1.3201877353493032,3.053988702682487,G1,G1
H116,2.3578484036570213,4.416729559300636,109.25386314988978,23.04825259433197,S009,0.7835926241698987,5.70514881964451,G1,G1
H117,2.3578484036570213,5.300075471160763,109.25386314988978,23.056201213198364,S009,0.10427828602331063,5.70514881964451,G1,G1
H118,2.3578484036570213,6.183421383020891,109.25386314988978,23.064149832064757,S002,0.8379040734801662,7.411307708858319,G1,G1
H119,2.3578484036570213,7.066767294881018,109.25386314988978,23.072098450931154,S002,0.5191947469416052,7.411307708858319,G1,G1
H120,2.3578484036570213,7.950113206741145,109.25386314988978,23.080047069797548,S002,1.1822195794981822,7.411307708858319,G1,G1
H121,3.12284840365702,-0.441672955930064,109.26132917660225,23.004535190566802,S010,2.234765694115419,4.784474876318895,G1,G1
H122,3.12284840365702,0.4416729559300632,109.26132917660225,23.012483809433196,S010,1.6899123774453968,4.784474876318895,G1,G1
H123,3.12284840365702,1.3250188677901904,109.26132917660225,23.02043242829959,S010,1.5093144070375588,4.784474876318895,G1,G1
H124,3.12284840365702,2.2083647796503176,109.26132917660225,23.028381047165986,S013,1.073277057049538,4.84922704122556,G1,G1
H125,3.12284840365702,3.091710691510445,109.26132917660225,23.03632966603238,S013,1.1835168329454537,4.84922704122556,G1,G1
H126,3.12284840365702,3.975056603370572,109.26132917660225,23.044278284898773,S009,1.4290769900943037,5.70514881964451,G1,G1
H127,3.12284840365702,4.8584025152307,109.26132917660225,23.052226903765167,S009,0.8116757997498044,5.70514881964451,G1,G1
H128,3.12284840365702,5.741748427090827,109.26132917660225,23.06017552263156,S009,0.9143162276706978,5.70514881964451,G1,G1
H129,3.12284840365702,6.625094338950954,109.26132917660225,23.068124141497957,S002,0.37538944158945337,7.411307708858319,G1,G1
H130,3.12284840365702,7.5084402508110815,109.26132917660225,23.07607276036435,S002,0.6990687961523837,7.411307708858319,G1,G1
H131,3.8878484036570207,-0.8833459118601277,109.26879520331472,23.000560881133605,S014,1.6021929532186752,5.419570195063381,G1,G1
H132,3.8878484036570207,-4.440892098500626e-16,109.26879520331472,23.0085095,S010,1.418647279408036,4.784474876318895,G1,G1
H133,3.8878484036570207,0.8833459118601268,109.26879520331472,23.016458118866392,S010,0.8090032380774547,4.784474876318895,G1,G1
H134,3.8878484036570207,1.766691823720254,109.26879520331472,23.024406737732786,S013,0.7884789733691464,4.84922704122556,G1,G1
H135,3.8878484036570207,2.6500377355803812,109.26879520331472,23.032355356599183,S013,0.30031241086838806,4.84922704122556,G1,G1
H136,3.8878484036570207,3.5333836474405085,109.26879520331472,23.040303975465577,S013,1.0579584097675596,4.84922704122556,G1,G1
H137,3.8878484036570207,4.416729559300636,109.26879520331472,23.04825259433197,S012,1.623450582152754,7.390448226268289,G1,G1
H138,3.8878484036570207,5.300075471160763,109.26879520331472,23.056201213198364,S012,1.4820152751674138,7.390448226268289,G1,G1
H139,3.8878484036570207,6.183421383020891,109.26879520331472,23.064149832064757,S002,1.2541416508759788,7.411307708858319,G1,G1
H140,3.8878484036570207,7.066767294881018,109.26879520331472,23.072098450931154,S002,1.067872290753453,7.411307708858319,G1,G1
H141,4.652848403657021,-1.3250188677901913,109.2762612300272,22.99658657170041,S014,1.217895962057551,5.419570195063381,G1,G1
H142,4.652848403657021,-0.441672955930064,109.2762612300272,23.004535190566802,S014,0.755341044286291,5.419570195063381,G1,G1
H143,4.652848403657021,0.4416729559300632,109.2762612300272,23.012483809433196,S010,0.769118000796027,4.784474876318895,G1,G1
H144,4.652848403657021,1.3250188677901904,109.2762612300272,23.02043242829959,S010,0.11733982698326083,4.784474876318895,G1,G1
H145,4.652848403657021,2.2083647796503176,109.2762612300272,23.028381047165986,S013,0.5833206617101193,4.84922704122556,G1,G1
H146,4.652848403657021,3.091710691510445,109.2762612300272,23.03632966603238,S013,0.767496871038737,4.84922704122556,G1,G1
H147,4.652848403657021,3.975056603370572,109.2762612300272,23.044278284898773,S012,1.333225967278327,7.390448226268289,G1,G1
H148,4.652848403657021,4.8584025152307,109.2762612300272,23.052226903765167,S012,0.7469732009668482,7.390448226268289,G1,G1
H149,4.652848403657021,5.741748427090827,109.2762612300272,23.06017552263156,S012,0.9481805978293841,7.390448226268289,G1,G1
H150,4.652848403657021,6.625094338950954,109.2762612300272,23.068124141497957,S012,1.6735363543220434,7.390448226268289,G1,G1
H151,5.41784840365702,-0.8833459118601277,109.28372725673968,23.000560881133605,S014,0.5168059676861458,5.419570195063381,G1,G1
H152,5.41784840365702,-4.440892098500626e-16,109.28372725673968,23.0085095,S014,0.36695766380255695,5.419570195063381,G1,G1
H153,5.41784840365702,0.8833459118601268,109.28372725673968,23.016458118866392,S010,0.8550584160892936,4.784474876318895,G1,G1
H154,5.41784840365702,1.766691823720254,109.28372725673968,23.024406737732786,S010,0.9662561931357104,4.784474876318895,G1,G1
H155,5.41784840365702,2.6500377355803812,109.28372725673968,23.032355356599183,S013,1.2725670502219506,4.84922704122556,G1,G1
H156,5.41784840365702,3.5333836474405085,109.28372725673968,23.040303975465577,S012,1.5747987703063353,7.390448226268289,G1,G1
H157,5.41784840365702,4.416729559300636,109.28372725673968,23.04825259433197,S012,0.6929420250610974,7.390448226268289,G1,G1
H158,5.41784840365702,5.300075471160763,109.28372725673968,23.056201213198364,S012,0.20235150909544425,7.390448226268289,G1,G1
H159,5.41784840365702,6.183421383020891,109.28372725673968,23.064149832064757,S012,1.0781111335899616,7.390448226268289,G1,G1
H160,6.182848403657019,-0.441672955930064,109.29119328345216,23.004535190566802,S014,0.7819886457461744,5.419570195063381,G1,G1
H161,6.182848403657019,0.4416729559300632,109.29119328345216,23.012483809433196,S014,1.1222191233726828,5.419570195063381,G1,G1
H162,6.182848403657019,1.3250188677901904,109.29119328345216,23.02043242829959,S010,1.5592649841196915,4.784474876318895,G1,G1
H163,6.182848403657019,2.2083647796503176,109.29119328345216,23.028381047165986,S010,1.8477373802977968,4.784474876318895,G1,G1
H164,6.182848403657019,3.091710691510445,109.29119328345216,23.03632966603238,S013,2.11167961590845,4.84922704122556,G1,G1
H165,6.182848403657019,3.975056603370572,109.29119328345216,23.044278284898773,S012,1.401059719365626,7.390448226268289,G1,G1
H166,6.182848403657019,4.8584025152307,109.29119328345216,23.052226903765167,S012,0.8622330429566679,7.390448226268289,G1,G1
