scenario_id,group_id,task_id,source_task_id,resource_key,resource_label,resource_type,model,start_s,end_s,duration_s,assigned_id
R2_不设单站组,G1,R05,R05,transport_drone_C,C型运输无人机,transport_drone,C,0.0,1498.0,1498.0,G1-transport_drone_C-01
R2_不设单站组,G1,R05,R05,transport_battery_C,C型共享电池,transport_battery,C,0.0,3144.0,3144.0,G1-transport_battery_C-01
R2_不设单站组,G1,R06,R06,transport_drone_C,C型运输无人机,transport_drone,C,0.0,1696.0,1696.0,G1-transport_drone_C-02
R2_不设单站组,G1,R06,R06,transport_battery_C,C型共享电池,transport_battery,C,0.0,3320.0,3320.0,G1-transport_battery_C-02
R2_不设单站组,G1,R07,R07,transport_drone_A,A型运输无人机,transport_drone,A,14.0,1663.0,1649.0,G1-transport_drone_A-01
R2_不设单站组,G1,R07,R07,transport_battery_A,A型共享电池,transport_battery,A,14.0,2747.0,2733.0,G1-transport_battery_A-01
R2_不设单站组,G1,R08,R08,transport_drone_A,A型运输无人机,transport_drone,A,70.0,1677.0,1607.0,G1-transport_drone_A-02
R2_不设单站组,G1,R08,R08,transport_battery_A,A型共享电池,transport_battery,A,70.0,2762.0,2692.0,G1-transport_battery_A-02
R2_不设单站组,G1,R10,R10,transport_drone_A,A型运输无人机,transport_drone,A,1314.0,3891.0,2577.0,G1-transport_drone_A-03
R2_不设单站组,G1,R10,R10,transport_battery_A,A型共享电池,transport_battery,A,1314.0,5275.0,3961.0,G1-transport_battery_A-03
R2_不设单站组,G1,R11,R11,transport_drone_C,C型运输无人机,transport_drone,C,1498.0,3988.0,2490.0,G1-transport_drone_C-01
R2_不设单站组,G1,R11,R11,transport_battery_C,C型共享电池,transport_battery,C,1498.0,6550.0,5052.0,G1-transport_battery_C-03
R2_不设单站组,G1,R12,R12,transport_drone_C,C型运输无人机,transport_drone,C,1696.0,4002.0,2306.0,G1-transport_drone_C-02
R2_不设单站组,G1,R12,R12,transport_battery_C,C型共享电池,transport_battery,C,1696.0,6503.0,4807.0,G1-transport_battery_C-04
R2_不设单站组,G1,R13,R13,transport_drone_A,A型运输无人机,transport_drone,A,1760.0,3760.0,2000.0,G1-transport_drone_A-01
R2_不设单站组,G1,R13,R13,transport_battery_A,A型共享电池,transport_battery,A,1760.0,5132.0,3372.0,G1-transport_battery_A-04
R2_不设单站组,G1,R18,R18,transport_drone_A,A型运输无人机,transport_drone,A,3760.0,4976.0,1216.0,G1-transport_drone_A-01
R2_不设单站组,G1,R18,R18,transport_battery_A,A型共享电池,transport_battery,A,3760.0,5820.0,2060.0,G1-transport_battery_A-01
R2_不设单站组,G1,R20,R20,transport_drone_C,C型运输无人机,transport_drone,C,4002.0,6234.0,2232.0,G1-transport_drone_C-01
R2_不设单站组,G1,R20,R20,transport_battery_C,C型共享电池,transport_battery,C,4002.0,8275.0,4273.0,G1-transport_battery_C-01
R2_不设单站组,G1,J01@G1,J01,relay_drone_R,中继无人机,relay_drone,R,142.0,2209.0,2067.0,G1-relay_drone_R-01
R2_不设单站组,G1,J01@G1,J01,relay_component_R,中继能源组件,relay_component,R,142.0,2591.0,2449.0,G1-relay_component_R-01
R2_不设单站组,G1,J03@G1,J03,relay_drone_R,中继无人机,relay_drone,R,1204.0,4393.0,3189.0,G1-relay_drone_R-02
R2_不设单站组,G1,J03@G1,J03,relay_component_R,中继能源组件,relay_component,R,1204.0,4914.0,3710.0,G1-relay_component_R-02
R2_不设单站组,G1,J04@G1,J04,relay_drone_R,中继无人机,relay_drone,R,2444.0,7236.0,4792.0,G1-relay_drone_R-01
R2_不设单站组,G1,J04@G1,J04,relay_component_R,中继能源组件,relay_component,R,2444.0,7948.0,5504.0,G1-relay_component_R-03
R2_不设单站组,G2,R01,R01,transport_drone_B,B型运输无人机,transport_drone,B,0.0,1859.0,1859.0,G2-transport_drone_B-02
R2_不设单站组,G2,R01,R01,transport_battery_B,B型共享电池,transport_battery,B,0.0,3452.0,3452.0,G2-transport_battery_B-02
R2_不设单站组,G2,R02,R02,transport_drone_A,A型运输无人机,transport_drone,A,0.0,1314.0,1314.0,G2-transport_drone_A-01
R2_不设单站组,G2,R02,R02,transport_battery_A,A型共享电池,transport_battery,A,0.0,2206.0,2206.0,G2-transport_battery_A-02
R2_不设单站组,G2,R03,R03,transport_drone_A,A型运输无人机,transport_drone,A,0.0,1314.0,1314.0,G2-transport_drone_A-02
R2_不设单站组,G2,R03,R03,transport_battery_A,A型共享电池,transport_battery,A,0.0,2193.0,2193.0,G2-transport_battery_A-01
R2_不设单站组,G2,R04,R04,transport_drone_B,B型运输无人机,transport_drone,B,0.0,1208.0,1208.0,G2-transport_drone_B-01
R2_不设单站组,G2,R04,R04,transport_battery_B,B型共享电池,transport_battery,B,0.0,2368.0,2368.0,G2-transport_battery_B-01
R2_不设单站组,G2,R09,R09,transport_drone_B,B型运输无人机,transport_drone,B,1208.0,3134.0,1926.0,G2-transport_drone_B-01
R2_不设单站组,G2,R09,R09,transport_battery_B,B型共享电池,transport_battery,B,1208.0,4994.0,3786.0,G2-transport_battery_B-03
R2_不设单站组,G2,R14,R14,transport_drone_A,A型运输无人机,transport_drone,A,2467.0,4178.0,1711.0,G2-transport_drone_A-01
R2_不设单站组,G2,R14,R14,transport_battery_A,A型共享电池,transport_battery,A,2467.0,5246.0,2779.0,G2-transport_battery_A-02
R2_不设单站组,G2,R15,R15,transport_drone_A,A型运输无人机,transport_drone,A,2467.0,4178.0,1711.0,G2-transport_drone_A-02
R2_不设单站组,G2,R15,R15,transport_battery_A,A型共享电池,transport_battery,A,2467.0,5227.0,2760.0,G2-transport_battery_A-01
R2_不设单站组,G2,R16,R16,transport_drone_B,B型运输无人机,transport_drone,B,2489.0,4554.0,2065.0,G2-transport_drone_B-02
R2_不设单站组,G2,R16,R16,transport_battery_B,B型共享电池,transport_battery,B,2489.0,6423.0,3934.0,G2-transport_battery_B-01
R2_不设单站组,G2,R17,R17,transport_drone_B,B型运输无人机,transport_drone,B,3134.0,4971.0,1837.0,G2-transport_drone_B-01
R2_不设单站组,G2,R17,R17,transport_battery_B,B型共享电池,transport_battery,B,3134.0,6639.0,3505.0,G2-transport_battery_B-04
R2_不设单站组,G2,R19,R19,transport_drone_C,C型运输无人机,transport_drone,C,3988.0,6603.0,2615.0,G2-transport_drone_C-01
R2_不设单站组,G2,R19,R19,transport_battery_C,C型共享电池,transport_battery,C,3988.0,9047.0,5059.0,G2-transport_battery_C-01
R2_不设单站组,G2,R21,R21,transport_drone_B,B型运输无人机,transport_drone,B,4914.0,6879.0,1965.0,G2-transport_drone_B-02
R2_不设单站组,G2,R21,R21,transport_battery_B,B型共享电池,transport_battery,B,4914.0,8836.0,3922.0,G2-transport_battery_B-02
R2_不设单站组,G2,R22,R22,transport_drone_B,B型运输无人机,transport_drone,B,4994.0,6899.0,1905.0,G2-transport_drone_B-01
R2_不设单站组,G2,R22,R22,transport_battery_B,B型共享电池,transport_battery,B,4994.0,8764.0,3770.0,G2-transport_battery_B-03
R2_不设单站组,G2,J01@G2,J01,relay_drone_R,中继无人机,relay_drone,R,142.0,2209.0,2067.0,G2-relay_drone_R-01
R2_不设单站组,G2,J01@G2,J01,relay_component_R,中继能源组件,relay_component,R,142.0,2591.0,2449.0,G2-relay_component_R-01
R2_不设单站组,G2,J03@G2,J03,relay_drone_R,中继无人机,relay_drone,R,1204.0,4393.0,3189.0,G2-relay_drone_R-02
R2_不设单站组,G2,J03@G2,J03,relay_component_R,中继能源组件,relay_component,R,1204.0,4914.0,3710.0,G2-relay_component_R-02
R2_不设单站组,G2,J04@G2,J04,relay_drone_R,中继无人机,relay_drone,R,2444.0,7236.0,4792.0,G2-relay_drone_R-01
R2_不设单站组,G2,J04@G2,J04,relay_component_R,中继能源组件,relay_component,R,2444.0,7948.0,5504.0,G2-relay_component_R-03
R2_不设单站组,G2,J06@G2,J06,relay_drone_R,中继无人机,relay_drone,R,5859.0,6965.0,1106.0,G2-relay_drone_R-02
R2_不设单站组,G2,J06@G2,J06,relay_component_R,中继能源组件,relay_component,R,5859.0,7018.0,1159.0,G2-relay_component_R-01
R3_不设单站组,G1,R02,R02,transport_drone_A,A型运输无人机,transport_drone,A,0.0,1314.0,1314.0,G1-transport_drone_A-01
R3_不设单站组,G1,R02,R02,transport_battery_A,A型共享电池,transport_battery,A,0.0,2206.0,2206.0,G1-transport_battery_A-02
R3_不设单站组,G1,R03,R03,transport_drone_A,A型运输无人机,transport_drone,A,0.0,1314.0,1314.0,G1-transport_drone_A-02
R3_不设单站组,G1,R03,R03,transport_battery_A,A型共享电池,transport_battery,A,0.0,2193.0,2193.0,G1-transport_battery_A-01
R3_不设单站组,G1,R04,R04,transport_drone_B,B型运输无人机,transport_drone,B,0.0,1208.0,1208.0,G1-transport_drone_B-01
R3_不设单站组,G1,R04,R04,transport_battery_B,B型共享电池,transport_battery,B,0.0,2368.0,2368.0,G1-transport_battery_B-01
R3_不设单站组,G1,R05,R05,transport_drone_C,C型运输无人机,transport_drone,C,0.0,1498.0,1498.0,G1-transport_drone_C-01
R3_不设单站组,G1,R05,R05,transport_battery_C,C型共享电池,transport_battery,C,0.0,3144.0,3144.0,G1-transport_battery_C-01
R3_不设单站组,G1,R06,R06,transport_drone_C,C型运输无人机,transport_drone,C,0.0,1696.0,1696.0,G1-transport_drone_C-02
R3_不设单站组,G1,R06,R06,transport_battery_C,C型共享电池,transport_battery,C,0.0,3320.0,3320.0,G1-transport_battery_C-02
R3_不设单站组,G1,R14,R14,transport_drone_A,A型运输无人机,transport_drone,A,2467.0,4178.0,1711.0,G1-transport_drone_A-01
R3_不设单站组,G1,R14,R14,transport_battery_A,A型共享电池,transport_battery,A,2467.0,5246.0,2779.0,G1-transport_battery_A-02
R3_不设单站组,G1,R15,R15,transport_drone_A,A型运输无人机,transport_drone,A,2467.0,4178.0,1711.0,G1-transport_drone_A-02
R3_不设单站组,G1,R15,R15,transport_battery_A,A型共享电池,transport_battery,A,2467.0,5227.0,2760.0,G1-transport_battery_A-01
R3_不设单站组,G1,R16,R16,transport_drone_B,B型运输无人机,transport_drone,B,2489.0,4554.0,2065.0,G1-transport_drone_B-01
R3_不设单站组,G1,R16,R16,transport_battery_B,B型共享电池,transport_battery,B,2489.0,6423.0,3934.0,G1-transport_battery_B-01
R3_不设单站组,G1,R19,R19,transport_drone_C,C型运输无人机,transport_drone,C,3988.0,6603.0,2615.0,G1-transport_drone_C-01
R3_不设单站组,G1,R19,R19,transport_battery_C,C型共享电池,transport_battery,C,3988.0,9047.0,5059.0,G1-transport_battery_C-01
R3_不设单站组,G1,J04@G1,J04,relay_drone_R,中继无人机,relay_drone,R,2444.0,7236.0,4792.0,G1-relay_drone_R-01
R3_不设单站组,G1,J04@G1,J04,relay_component_R,中继能源组件,relay_component,R,2444.0,7948.0,5504.0,G1-relay_component_R-01
R3_不设单站组,G2,R07,R07,transport_drone_A,A型运输无人机,transport_drone,A,14.0,1663.0,1649.0,G2-transport_drone_A-01
R3_不设单站组,G2,R07,R07,transport_battery_A,A型共享电池,transport_battery,A,14.0,2747.0,2733.0,G2-transport_battery_A-01
R3_不设单站组,G2,R08,R08,transport_drone_A,A型运输无人机,transport_drone,A,70.0,1677.0,1607.0,G2-transport_drone_A-02
R3_不设单站组,G2,R08,R08,transport_battery_A,A型共享电池,transport_battery,A,70.0,2762.0,2692.0,G2-transport_battery_A-02
R3_不设单站组,G2,R10,R10,transport_drone_A,A型运输无人机,transport_drone,A,1314.0,3891.0,2577.0,G2-transport_drone_A-03
R3_不设单站组,G2,R10,R10,transport_battery_A,A型共享电池,transport_battery,A,1314.0,5275.0,3961.0,G2-transport_battery_A-03
R3_不设单站组,G2,R11,R11,transport_drone_C,C型运输无人机,transport_drone,C,1498.0,3988.0,2490.0,G2-transport_drone_C-01
R3_不设单站组,G2,R11,R11,transport_battery_C,C型共享电池,transport_battery,C,1498.0,6550.0,5052.0,G2-transport_battery_C-01
R3_不设单站组,G2,R13,R13,transport_drone_A,A型运输无人机,transport_drone,A,1760.0,3760.0,2000.0,G2-transport_drone_A-01
R3_不设单站组,G2,R13,R13,transport_battery_A,A型共享电池,transport_battery,A,1760.0,5132.0,3372.0,G2-transport_battery_A-04
R3_不设单站组,G2,R18,R18,transport_drone_A,A型运输无人机,transport_drone,A,3760.0,4976.0,1216.0,G2-transport_drone_A-01
R3_不设单站组,G2,R18,R18,transport_battery_A,A型共享电池,transport_battery,A,3760.0,5820.0,2060.0,G2-transport_battery_A-01
R3_不设单站组,G2,R20,R20,transport_drone_C,C型运输无人机,transport_drone,C,4002.0,6234.0,2232.0,G2-transport_drone_C-01
R3_不设单站组,G2,R20,R20,transport_battery_C,C型共享电池,transport_battery,C,4002.0,8275.0,4273.0,G2-transport_battery_C-02
R3_不设单站组,G2,J01@G2,J01,relay_drone_R,中继无人机,relay_drone,R,142.0,2209.0,2067.0,G2-relay_drone_R-01
R3_不设单站组,G2,J01@G2,J01,relay_component_R,中继能源组件,relay_component,R,142.0,2591.0,2449.0,G2-relay_component_R-01
R3_不设单站组,G2,J03@G2,J03,relay_drone_R,中继无人机,relay_drone,R,1204.0,4393.0,3189.0,G2-relay_drone_R-02
R3_不设单站组,G2,J03@G2,J03,relay_component_R,中继能源组件,relay_component,R,1204.0,4914.0,3710.0,G2-relay_component_R-02
R3_不设单站组,G2,J04@G2,J04,relay_drone_R,中继无人机,relay_drone,R,2444.0,7236.0,4792.0,G2-relay_drone_R-01
R3_不设单站组,G2,J04@G2,J04,relay_component_R,中继能源组件,relay_component,R,2444.0,7948.0,5504.0,G2-relay_component_R-03
R3_不设单站组,G3,R01,R01,transport_drone_B,B型运输无人机,transport_drone,B,0.0,1859.0,1859.0,G3-transport_drone_B-01
R3_不设单站组,G3,R01,R01,transport_battery_B,B型共享电池,transport_battery,B,0.0,3452.0,3452.0,G3-transport_battery_B-01
R3_不设单站组,G3,R09,R09,transport_drone_B,B型运输无人机,transport_drone,B,1208.0,3134.0,1926.0,G3-transport_drone_B-02
R3_不设单站组,G3,R09,R09,transport_battery_B,B型共享电池,transport_battery,B,1208.0,4994.0,3786.0,G3-transport_battery_B-02
R3_不设单站组,G3,R12,R12,transport_drone_C,C型运输无人机,transport_drone,C,1696.0,4002.0,2306.0,G3-transport_drone_C-01
R3_不设单站组,G3,R12,R12,transport_battery_C,C型共享电池,transport_battery,C,1696.0,6503.0,4807.0,G3-transport_battery_C-01
R3_不设单站组,G3,R17,R17,transport_drone_B,B型运输无人机,transport_drone,B,3134.0,4971.0,1837.0,G3-transport_drone_B-01
R3_不设单站组,G3,R17,R17,transport_battery_B,B型共享电池,transport_battery,B,3134.0,6639.0,3505.0,G3-transport_battery_B-03
R3_不设单站组,G3,R21,R21,transport_drone_B,B型运输无人机,transport_drone,B,4914.0,6879.0,1965.0,G3-transport_drone_B-02
R3_不设单站组,G3,R21,R21,transport_battery_B,B型共享电池,transport_battery,B,4914.0,8836.0,3922.0,G3-transport_battery_B-01
R3_不设单站组,G3,R22,R22,transport_drone_B,B型运输无人机,transport_drone,B,4994.0,6899.0,1905.0,G3-transport_drone_B-01
R3_不设单站组,G3,R22,R22,transport_battery_B,B型共享电池,transport_battery,B,4994.0,8764.0,3770.0,G3-transport_battery_B-02
R3_不设单站组,G3,J01@G3,J01,relay_drone_R,中继无人机,relay_drone,R,142.0,2209.0,2067.0,G3-relay_drone_R-01
R3_不设单站组,G3,J01@G3,J01,relay_component_R,中继能源组件,relay_component,R,142.0,2591.0,2449.0,G3-relay_component_R-01
R3_不设单站组,G3,J03@G3,J03,relay_drone_R,中继无人机,relay_drone,R,1204.0,4393.0,3189.0,G3-relay_drone_R-02
R3_不设单站组,G3,J03@G3,J03,relay_component_R,中继能源组件,relay_component,R,1204.0,4914.0,3710.0,G3-relay_component_R-02
R3_不设单站组,G3,J04@G3,J04,relay_drone_R,中继无人机,relay_drone,R,2444.0,7236.0,4792.0,G3-relay_drone_R-01
R3_不设单站组,G3,J04@G3,J04,relay_component_R,中继能源组件,relay_component,R,2444.0,7948.0,5504.0,G3-relay_component_R-03
R3_不设单站组,G3,J06@G3,J06,relay_drone_R,中继无人机,relay_drone,R,5859.0,6965.0,1106.0,G3-relay_drone_R-02
R3_不设单站组,G3,J06@G3,J06,relay_component_R,中继能源组件,relay_component,R,5859.0,7018.0,1159.0,G3-relay_component_R-01
