site_a,site_b,relation,task_id
S009,S010,同一运输架次,R10
S009,S013,同一运输架次,R10
S010,S013,同一运输架次,R10
S002,S009,同一运输架次,R11
S003,S007,同一运输架次,R19
S005,S011,同一运输架次,R20
S010,S013,同一中继架次保障,J01
S010,S014,同一中继架次保障,J01
S013,S014,同一中继架次保障,J01
S002,S004,同一中继架次保障,J03
S002,S009,同一中继架次保障,J03
S002,S010,同一中继架次保障,J03
S002,S012,同一中继架次保障,J03
S002,S013,同一中继架次保障,J03
S004,S009,同一中继架次保障,J03
S004,S010,同一中继架次保障,J03
S004,S012,同一中继架次保障,J03
S004,S013,同一中继架次保障,J03
S009,S010,同一中继架次保障,J03
S009,S012,同一中继架次保障,J03
S009,S013,同一中继架次保障,J03
S010,S012,同一中继架次保障,J03
S010,S013,同一中继架次保障,J03
S012,S013,同一中继架次保障,J03
S002,S003,同一中继架次保障,J04
S002,S005,同一中继架次保障,J04
S002,S007,同一中继架次保障,J04
S002,S008,同一中继架次保障,J04
S002,S009,同一中继架次保障,J04
S002,S011,同一中继架次保障,J04
S002,S015,同一中继架次保障,J04
S003,S005,同一中继架次保障,J04
S003,S007,同一中继架次保障,J04
S003,S008,同一中继架次保障,J04
S003,S009,同一中继架次保障,J04
S003,S011,同一中继架次保障,J04
S003,S015,同一中继架次保障,J04
S005,S007,同一中继架次保障,J04
S005,S008,同一中继架次保障,J04
S005,S009,同一中继架次保障,J04
S005,S011,同一中继架次保障,J04
S005,S015,同一中继架次保障,J04
S007,S008,同一中继架次保障,J04
S007,S009,同一中继架次保障,J04
S007,S011,同一中继架次保障,J04
S007,S015,同一中继架次保障,J04
S008,S009,同一中继架次保障,J04
S008,S011,同一中继架次保障,J04
S008,S015,同一中继架次保障,J04
S009,S011,同一中继架次保障,J04
S009,S015,同一中继架次保障,J04
S011,S015,同一中继架次保障,J04
