layer,task_id,site_count,member_sites,source_transport_tasks,binding
transport,R01,1,S014,R01,题目同一运输架次必须同组
transport,R02,1,S006,R02,题目同一运输架次必须同组
transport,R03,1,S006,R03,题目同一运输架次必须同组
transport,R04,1,S006,R04,题目同一运输架次必须同组
transport,R05,1,S001,R05,题目同一运输架次必须同组
transport,R06,1,S001,R06,题目同一运输架次必须同组
transport,R07,1,S010,R07,题目同一运输架次必须同组
transport,R08,1,S013,R08,题目同一运输架次必须同组
transport,R09,1,S012,R09,题目同一运输架次必须同组
transport,R10,3,S009、S010、S013,R10,题目同一运输架次必须同组
transport,R11,2,S002、S009,R11,题目同一运输架次必须同组
transport,R12,1,S004,R12,题目同一运输架次必须同组
transport,R13,1,S002,R13,题目同一运输架次必须同组
transport,R14,1,S007,R14,题目同一运输架次必须同组
transport,R15,1,S007,R15,题目同一运输架次必须同组
transport,R16,1,S003,R16,题目同一运输架次必须同组
transport,R17,1,S015,R17,题目同一运输架次必须同组
transport,R18,1,S011,R18,题目同一运输架次必须同组
transport,R19,2,S003、S007,R19,题目同一运输架次必须同组
transport,R20,2,S005、S011,R20,题目同一运输架次必须同组
transport,R21,1,S008,R21,题目同一运输架次必须同组
transport,R22,1,S008,R22,题目同一运输架次必须同组
relay,J01,3,S010、S013、S014,R01、R07、R08,本问约定完整中继任务不拆分、不复制、不跨组
relay,J03,6,S002、S004、S009、S010、S012、S013,R09、R10、R11、R12、R13,本问约定完整中继任务不拆分、不复制、不跨组
relay,J04,8,S002、S003、S005、S007、S008、S009、S011、S015,R11、R14、R15、R16、R17、R19、R20、R21、R22,本问约定完整中继任务不拆分、不复制、不跨组
relay,J06,1,S008,R21、R22,本问约定完整中继任务不拆分、不复制、不跨组
