scenario_id,n_groups,resource_key,inventory,global_peak,sum_required,shortage
R2_不设单站组,2,transport_drone_A,4,4,5,1
R2_不设单站组,2,transport_drone_B,2,2,2,0
R2_不设单站组,2,transport_drone_C,2,2,3,1
R2_不设单站组,2,transport_battery_A,6,6,6,0
R2_不设单站组,2,transport_battery_B,4,4,4,0
R2_不设单站组,2,transport_battery_C,4,4,5,1
R2_不设单站组,2,relay_drone_R,2,2,4,2
R2_不设单站组,2,relay_component_R,6,3,6,0
R3_不设单站组,3,transport_drone_A,4,4,5,1
R3_不设单站组,3,transport_drone_B,2,2,3,1
R3_不设单站组,3,transport_drone_C,2,2,4,2
R3_不设单站组,3,transport_battery_A,6,6,6,0
R3_不设单站组,3,transport_battery_B,4,4,4,0
R3_不设单站组,3,transport_battery_C,4,4,5,1
R3_不设单站组,3,relay_drone_R,2,2,5,3
R3_不设单站组,3,relay_component_R,6,3,7,1
