site_id,component_id,n_boxes,mass_kg,O01_B_one_way_empty_min,O01_distance_km,fixed_transport_workload_allocated_h,first_box_min_FIXED,mean_box_delivery_min_FIXED,min_hard_deadline_slack_min_FIXED,hard_deadline_boxes
S001,C1,15,154.0,4.814089179467087,3.053988702682487,0.8872222222222222,19.733333333333334,21.71333333333333,36.96666666666667,3
S002,C2,8,81.0,9.803287184104729,7.411307708858319,1.1385317460317461,50.7,54.8,3.8333333333333335,2
S003,C2,8,81.0,11.83300858004437,7.26332771715712,1.2297043010752688,63.81666666666667,84.57708333333333,56.18333333333333,2
S004,C2,6,59.0,11.234979004898296,7.714729255043233,0.6405555555555555,54.7,54.7,65.3,2
S005,C2,6,59.0,7.806279937079258,5.280641689465082,0.59,90.05,90.05,89.95,2
S006,C3,6,59.0,5.202894581998773,3.186250613300848,1.0655555555555556,14.716666666666667,15.305555555555555,44.4,2
S007,C2,5,45.0,8.114334864717769,4.5345279956776325,1.0208512544802868,60.0,65.36999999999999,0.0,2
S008,C2,5,45.0,11.036513285754204,8.079114648829174,1.075,103.45,103.58333333333333,16.216666666666665,2
S009,C2,3,25.0,7.661483731489777,5.70514881964451,0.6097738095238096,40.65,44.294444444444444,133.88333333333333,2
S010,C2,3,25.0,7.535590309896429,4.784474876318895,0.5654305555555555,18.6,30.977777777777778,4.266666666666667,2
S011,C2,3,25.0,4.551598075108028,2.8080980667915605,0.36777777777777776,77.5,84.62777777777778,81.11666666666666,2
S012,C2,3,25.0,10.700650433972145,7.390448226268289,0.535,41.35,41.35,18.65,2
S013,C2,3,25.0,7.167384103965901,4.84922704122556,0.5537638888888888,19.183333333333334,29.13888888888889,10.95,2
S014,C2,3,25.0,10.107806469449764,5.419570195063381,0.5163888888888889,20.616666666666667,20.616666666666667,39.38333333333333,2
S015,C2,3,25.0,9.851406087631167,6.009472571153206,0.5102777777777778,72.6,72.6,47.4,2
