from_node,to_node,horizontal_m,max_ground_m,cruise_altitude_m,one_way_empty_B_s,reference_only
O01,S001,3053.9887026824867,224.65377807617188,274.6537780761719,288.8453507680252,True
O01,S002,7411.307708858319,256.1046142578125,306.1046142578125,588.1972310462837,True
O01,S003,7263.32771715712,500.5345458984375,550.5345458984375,709.9805148026621,True
O01,S004,7714.729255043233,350.4592590332031,400.4592590332031,674.0987402938978,True
O01,S005,5280.641689465082,273.04638671875,323.04638671875,468.3767962247555,True
O01,S006,3186.2506133008483,315.7867736816406,365.7867736816406,312.1736749199264,True
O01,S007,4534.527995677632,449.8066711425781,499.8066711425781,486.8600918830661,True
O01,S008,8079.114648829173,324.3315734863281,374.3315734863281,662.1907971452522,True
O01,S009,5705.14881964451,241.6987762451172,291.6987762451172,459.6890238893866,True
O01,S010,4784.474876318895,381.4233093261719,431.4233093261719,452.13541859378574,True
O01,S011,2808.0980667915605,240.8582000732422,290.8582000732422,273.09588450648164,True
O01,S012,7390.448226268289,364.3124694824219,414.3124694824219,642.0390260383286,True
O01,S013,4849.22704122556,345.46533203125,395.46533203125,430.04304623795406,True
O01,S014,5419.570195063381,533.8141479492188,583.8141479492188,606.4683881669858,True
O01,S015,6009.472571153206,526.5720825195312,576.5720825195312,591.08436525787,True
S001,O01,3053.9887026824867,224.65377807617188,274.6537780761719,292.5986841013585,True
S001,S002,4360.583296216634,261.6316833496094,311.6316833496094,370.1021208708225,True
S001,S003,7658.877073474113,499.658203125,549.658203125,716.9411538566076,True
S001,S004,4927.685077156044,356.8542785644531,406.8542785644531,474.2188094243352,True
S001,S005,2928.0510144547625,263.9847412109375,313.9847412109375,286.12554451833836,True
S001,S006,5296.222882817403,338.982421875,388.982421875,451.0819682294935,True
S001,S007,5187.945163320792,386.3666687011719,436.3666687011719,465.13190126891215,True
S001,S008,5968.251205892459,318.5009460449219,368.5009460449219,498.42410749244004,True
S001,S009,2651.1928825234054,241.6987762451172,291.6987762451172,237.32529474797963,True
S001,S010,3709.8679828116337,379.3443298339844,429.3443298339844,360.2037073990308,True
S001,S011,2354.105573291013,224.96607971191406,274.96607971191406,212.40883000813787,True
S001,S012,4697.642373184618,379.3465576171875,429.3465576171875,454.7769671315787,True
S001,S013,2898.80821063236,321.94915771484375,371.94915771484375,264.00326303304274,True
S001,S014,5196.165769042084,544.077880859375,594.077880859375,580.3348305663473,True
S001,S015,5500.145051389838,541.9890747070312,591.9890747070312,549.6683248778121,True
S002,O01,7411.307708858319,256.1046142578125,306.1046142578125,594.3172310462837,True
S002,S001,4360.583296216634,261.6316833496094,311.6316833496094,372.4687875374891,True
S002,S003,9776.142449901792,564.4539794921875,614.4539794921875,893.7757482877237,True
S002,S004,2248.0126451687233,282.5017395019531,332.5017395019531,229.21545197934716,True
S002,S005,3475.7472221712906,355.47998046875,405.47998046875,377.90180048850266,True
S002,S006,9184.931693530623,341.6030578613281,391.6030578613281,700.4176886670155,True
S002,S007,8118.349331957879,420.4901428222656,470.4901428222656,673.6827268668534,True
S002,S008,4802.378753416469,330.83587646484375,380.83587646484375,417.9115596353167,True
S002,S009,1724.537185455136,276.1712341308594,326.1712341308594,188.99471739297263,True
S002,S010,5916.973272021455,432.2219543457031,482.2219543457031,534.2876513216127,True
S002,S011,5781.685303748118,310.74542236328125,360.74542236328125,491.98566331628075,True
S002,S012,3071.237671527871,358.01995849609375,408.01995849609375,318.8771476656602,True
S002,S013,4540.08917638584,322.6974182128906,372.6974182128906,362.1373851151758,True
S002,S014,7654.536694955985,451.9132080078125,501.9132080078125,664.8054655361282,True
S002,S015,7164.449951295167,598.3328247070312,648.3328247070312,690.1074015381674,True
S003,O01,7263.32771715712,500.5345458984375,550.5345458984375,724.0338481359955,True
S003,S001,7658.877073474113,499.658203125,549.658203125,727.2411538566075,True
S003,S002,9776.142449901792,564.4539794921875,614.4539794921875,901.709081621057,True
S003,S004,8232.13084061551,676.4408569335938,726.4408569335938,877.3786844590028,True
S003,S005,6340.37988830295,528.84375,578.84375,656.3440758868634,True
S003,S006,4801.077753319046,599.4577026367188,649.4577026367188,557.5874988215301,True
S003,S007,2734.341658548931,368.646484375,418.646484375,237.0635324449287,True
S003,S008,6254.221384568452,742.8192138671875,792.8192138671875,777.1555158071676,True
S003,S009,8897.670099049727,539.0245361328125,589.0245361328125,820.2959997673777,True
S003,S010,11224.453827122059,470.80810546875,520.80810546875,876.7495324852207,True
S003,S011,5356.740311391545,487.20733642578125,537.2073364257812,553.3947341383426,True
S003,S012,11817.060216211192,550.0745849609375,600.0745849609375,1003.1053767187669,True
S003,S013,10557.683641001126,499.658203125,549.658203125,853.4149250250751,True
S003,S014,12385.8175982526,548.008056640625,598.008056640625,1011.027081419965,True
S003,S015,2616.4435904918932,440.38763427734375,490.38763427734375,231.41383783617832,True
S004,O01,7714.729255043233,350.4592590332031,400.4592590332031,680.8054069605645,True
S004,S001,4927.685077156044,356.8542785644531,406.8542785644531,477.17214275766855,True
S004,S002,2248.0126451687233,282.5017395019531,332.5017395019531,229.8021186460138,True
S004,S003,8232.13084061551,676.4408569335938,726.4408569335938,870.0320177923361,True
S004,S005,2608.153793755351,313.14410400390625,363.14410400390625,286.08259585322133,True
S004,S006,8706.053721663719,372.50372314453125,422.50372314453125,688.2196450835708,True
S004,S007,7096.510647752499,539.5051879882812,589.5051879882812,689.9045143749062,True
S004,S008,2611.617760012512,333.96539306640625,383.96539306640625,271.2224722495321,True
S004,S009,2985.085462384827,271.9712829589844,321.9712829589844,267.01797166224367,True
S004,S010,7545.1591577175295,434.6893615722656,484.6893615722656,641.7094756674968,True
S004,S011,5403.7701949920765,309.6457214355469,359.6457214355469,463.0515420522061,True
S004,S012,5285.086362522935,310.1780090332031,360.1780090332031,428.4496307925446,True
S004,S013,6196.193949179818,323.0173034667969,373.0173034667969,469.8456191543056,True
S004,S014,9293.708159580052,500.6614074707031,550.6614074707031,806.8989094505191,True
S004,S015,5648.35352335657,636.6078491210938,686.6078491210938,614.1693242459068,True
S005,O01,5280.641689465082,273.04638671875,323.04638671875,472.86346289142216,True
S005,S001,2928.0510144547625,263.9847412109375,313.9847412109375,286.85887785167165,True
S005,S002,3475.7472221712906,355.47998046875,405.47998046875,376.26846715516933,True
S005,S003,6340.37988830295,528.84375,578.84375,646.7774092201968,True
S005,S004,2608.153793755351,313.14410400390625,363.14410400390625,283.8625958532213,True
S005,S006,6107.202021656416,357.7486267089844,407.7486267089844,515.2424610303497,True
S005,S007,4688.041017717719,464.39398193359375,514.3939819335938,485.3583212658167,True
S005,S008,3040.20246474212,318.5009460449219,368.5009460449219,299.5541914157507,True
S005,S009,2649.925492937362,307.2281188964844,357.2281188964844,281.6289867199127,True
S005,S010,6361.333301248136,416.9816589355469,466.9816589355469,560.9021033026102,True
S005,S011,2802.7378335194367,294.9771728515625,344.9771728515625,289.9924489924416,True
S005,S012,5622.582675552056,307.2281188964844,357.2281188964844,459.8861322275589,True
S005,S013,5214.47676989493,321.94915771484375,371.94915771484375,414.71450031721406,True
S005,S014,7995.517966833657,549.3770751953125,599.3770751953125,767.1777195988063,True
S005,S015,3754.979831193437,565.3863525390625,615.3863525390625,446.8153139415416,True
S006,O01,3186.2506133008483,315.7867736816406,365.7867736816406,324.6470082532597,True
S006,S001,5296.222882817403,338.982421875,388.982421875,459.8019682294935,True
S006,S002,9184.931693530623,341.6030578613281,391.6030578613281,706.7710220003488,True
S006,S003,4801.077753319046,599.4577026367188,649.4577026367188,556.0074988215301,True
S006,S004,8706.053721663719,372.50372314453125,422.50372314453125,693.9863117502375,True
S006,S005,6107.202021656416,357.7486267089844,407.7486267089844,523.2291276970163,True
S006,S007,2507.4971645732844,548.6358642578125,598.6358642578125,361.83277809394815,True
S006,S008,8061.546644580227,516.2953491210938,566.2953491210938,739.4263656608173,True
S006,S009,7669.110264786395,339.4812927246094,389.4812927246094,599.9602989838065,True
S006,S010,7921.312690279375,380.4990539550781,430.4990539550781,598.2134855856823,True
S006,S011,3409.774797378325,346.9995422363281,396.9995422363281,328.67798413186233,True
S006,S012,9989.80829710193,383.1261291503906,433.1261291503906,766.7597145170818,True
S006,S013,7782.722336755942,345.377685546875,395.377685546875,563.1784585181044,True
S006,S014,8596.797649294402,549.7378540039062,599.7378540039062,767.5942695558247,True
S006,S015,4684.564558088204,594.9586791992188,644.9586791992188,490.54066861864067,True
S007,O01,4534.527995677632,449.8066711425781,499.8066711425781,501.58009188306613,True
S007,S001,5187.945163320792,386.3666687011719,436.3666687011719,476.09856793557884,True
S007,S002,8118.349331957879,420.4901428222656,470.4901428222656,682.2827268668534,True
S007,S003,2734.341658548931,368.646484375,418.646484375,237.7301991115954,True
S007,S004,7096.510647752499,539.5051879882812,589.5051879882812,697.9178477082395,True
S007,S005,4688.041017717719,464.39398193359375,514.3939819335938,495.59165459915005,True
S007,S006,2507.4971645732844,548.6358642578125,598.6358642578125,364.07944476061476,True
S007,S008,5911.594113947165,605.5625610351562,655.5625610351562,650.3254856889256,True
S007,S009,6907.776785825783,417.5671691894531,467.5671691894531,595.2343764606511,True
S007,S010,8600.000377538028,385.4386901855469,435.4386901855469,635.8483979719363,True
S007,S011,2834.077321004552,386.3666687011719,436.3666687011719,307.93404511449614,True
S007,S012,9663.26474812193,405.7973327636719,455.7973327636719,750.3823605681547,True
S007,S013,8055.032982351836,379.06683349609375,429.06683349609375,594.8045433872578,True
S007,S014,9684.0880942961,539.7184448242188,589.7184448242188,821.4993991575004,True
S007,S015,2219.4120363524676,447.323486328125,497.323486328125,206.69802573078948,True
S008,O01,8079.114648829173,324.3315734863281,374.3315734863281,671.7374638119189,True
S008,S001,5968.251205892459,318.5009460449219,368.5009460449219,504.21744082577334,True
S008,S002,4802.378753416469,330.83587646484375,380.83587646484375,421.33822630198335,True
S008,S003,6254.221384568452,742.8192138671875,792.8192138671875,772.6488491405009,True
S008,S004,2611.617760012512,333.96539306640625,383.96539306640625,274.06247224953205,True
S008,S005,3040.20246474212,318.5009460449219,368.5009460449219,304.6141914157507,True
S008,S006,8061.546644580227,516.2953491210938,566.2953491210938,736.4996989941505,True
S008,S007,5911.594113947165,605.5625610351562,655.5625610351562,645.1521523555923,True
S008,S009,5018.293636395773,331.7633056640625,381.7633056640625,432.2126665800307,True
S008,S010,9292.962515039533,411.9046325683594,461.9046325683594,727.3208982194324,True
S008,S011,5327.278388626994,360.1605224609375,410.1605224609375,480.7962757131537,True
S008,S012,7727.817053948531,308.9347839355469,358.9347839355469,576.1866451493032,True
S008,S013,8054.023584682882,340.05938720703125,390.05938720703125,591.998456264015,True
S008,S014,10974.313686438,536.1366577148438,586.1366577148438,930.7544614200854,True
S008,S015,3928.9682663958242,659.5525512695312,709.5525512695312,502.1697553573779,True
S009,O01,5705.14881964451,241.6987762451172,291.6987762451172,466.5090238893866,True
S009,S001,2651.1928825234054,241.6987762451172,291.6987762451172,240.3919614146463,True
S009,S002,1724.537185455136,276.1712341308594,326.1712341308594,189.69471739297262,True
S009,S003,8897.670099049727,539.0245361328125,589.0245361328125,813.0626664340442,True
S009,S004,2985.085462384827,271.9712829589844,321.9712829589844,267.131304995577,True
S009,S005,2649.925492937362,307.2281188964844,357.2281188964844,283.962320053246,True
S009,S006,7669.110264786395,339.4812927246094,389.4812927246094,594.3069656504733,True
S009,S007,6907.776785825783,417.5671691894531,467.5671691894531,587.3343764606511,True
S009,S008,5018.293636395773,331.7633056640625,381.7633056640625,429.485999913364,True
S009,S010,4564.080200618812,439.6011657714844,489.6011657714844,446.00620160700936,True
S009,S011,4325.142193163145,265.1166687011719,315.1166687011719,357.9217032584024,True
S009,S012,2972.6682713105142,307.205810546875,357.205810546875,271.5421458217426,True
S009,S013,3211.1135979601368,323.0173034667969,373.0173034667969,270.27359573966015,True
S009,S014,6315.382650028972,495.5936584472656,545.5936584472656,604.0608595299262,True
S009,S015,6362.797040603019,533.212158203125,583.212158203125,585.408718722493,True
S010,O01,4784.474876318895,381.4233093261719,431.4233093261719,467.0620852604524,True
S010,S001,3709.8679828116337,379.3443298339844,429.3443298339844,371.3770407323641,True
S010,S002,5916.973272021455,432.2219543457031,482.2219543457031,543.0943179882793,True
S010,S003,11224.453827122059,470.80810546875,520.80810546875,877.622865818554,True
S010,S004,7545.1591577175295,434.6893615722656,484.6893615722656,649.9294756674968,True
S010,S005,6361.333301248136,416.9816589355469,466.9816589355469,571.3421033026102,True
S010,S006,7921.312690279375,380.4990539550781,430.4990539550781,600.6668189190157,True
S010,S007,8600.000377538028,385.4386901855469,435.4386901855469,636.055064638603,True
S010,S008,9292.962515039533,411.9046325683594,461.9046325683594,732.7008982194325,True
S010,S009,4564.080200618812,439.6011657714844,489.6011657714844,454.11286827367604,True
S010,S011,5873.543964778405,384.9392395019531,434.9392395019531,508.48503995332595,True
S010,S012,3950.9409443203635,422.8746337890625,472.8746337890625,381.0507944000034,True
S010,S013,1378.6540993721035,446.0640563964844,496.0640563964844,197.8105813155621,True
S010,S014,1753.1630582093135,483.914306640625,533.914306640625,250.81469541707924,True
S010,S015,9196.099796949906,562.5318603515625,612.5318603515625,755.2633507211395,True
S011,O01,2808.0980667915605,240.8582000732422,290.8582000732422,278.7225511731483,True
S011,S001,2354.105573291013,224.96607971191406,274.96607971191406,214.28216334147118,True
S011,S002,5781.685303748118,310.74542236328125,360.74542236328125,491.49232998294747,True
S011,S003,5356.740311391545,487.20733642578125,537.2073364257812,544.9680674716759,True
S011,S004,5403.7701949920765,309.6457214355469,359.6457214355469,461.97154205220613,True
S011,S005,2802.7378335194367,294.9771728515625,344.9771728515625,291.1324489924416,True
S011,S006,3409.774797378325,346.9995422363281,396.9995422363281,321.83131746519564,True
S011,S007,2834.077321004552,386.3666687011719,436.3666687011719,298.84071178116284,True
S011,S008,5327.278388626994,360.1605224609375,410.1605224609375,476.8762757131537,True
S011,S009,4325.142193163145,265.1166687011719,315.1166687011719,356.72836992506905,True
S011,S010,5873.543964778405,384.9392395019531,434.9392395019531,499.185039953326,True
S011,S012,6903.47839512371,368.36004638671875,418.36004638671875,584.4092603585077,True
S011,S013,5233.198222475188,321.94915771484375,371.94915771484375,410.26259715589794,True
S011,S014,7127.69401391713,562.9054565429688,612.9054565429688,713.5436023926524,True
S011,S015,3461.256655827175,550.0650634765625,600.0650634765625,410.2981569379575,True
S012,O01,7390.448226268289,364.3124694824219,414.3124694824219,652.1790260383286,True
S012,S001,4697.642373184618,379.3465576171875,429.3465576171875,461.16363379824537,True
S012,S002,3071.237671527871,358.01995849609375,408.01995849609375,322.8971476656601,True
S012,S003,11817.060216211192,550.0745849609375,600.0745849609375,999.1920433854336,True
S012,S004,5285.086362522935,310.1780090332031,360.1780090332031,431.8829641258779,True
S012,S005,5622.582675552056,307.2281188964844,357.2281188964844,465.53946556089227,True
S012,S006,9989.80829710193,383.1261291503906,433.1261291503906,764.4263811837484,True
S012,S007,9663.26474812193,405.7973327636719,455.7973327636719,745.8023605681548,True
S012,S008,7727.817053948531,308.9347839355469,358.9347839355469,576.7799784826365,True
S012,S009,2972.6682713105142,307.205810546875,357.205810546875,274.8621458217426,True
S012,S010,3950.9409443203635,422.8746337890625,472.8746337890625,376.2641277333367,True
S012,S011,6903.47839512371,368.36004638671875,418.36004638671875,588.922593691841,True
S012,S013,2855.1768012329235,387.30804443359375,437.30804443359375,277.091019333497,True
S012,S014,5454.746994237554,476.46331787109375,526.4633178710938,516.0562327213056,True
S012,S015,9317.637296189261,534.7576293945312,584.7576293945312,766.9314146352737,True
S013,O01,4849.22704122556,345.46533203125,395.46533203125,444.97637957128734,True
S013,S001,2898.80821063236,321.94915771484375,371.94915771484375,275.18326303304275,True
S013,S002,4540.08917638584,322.6974182128906,372.6974182128906,370.9507184485091,True
S013,S003,10557.683641001126,499.658203125,549.658203125,854.294925025075,True
S013,S004,6196.193949179818,323.0173034667969,373.0173034667969,478.0722858209723,True
S013,S005,5214.47676989493,321.94915771484375,371.94915771484375,425.1611669838808,True
S013,S006,7782.722336755942,345.377685546875,395.377685546875,565.6384585181045,True
S013,S007,8055.032982351836,379.06683349609375,429.06683349609375,595.0178767205912,True
S013,S008,8054.023584682882,340.05938720703125,390.05938720703125,597.3851229306817,True
S013,S009,3211.1135979601368,323.0173034667969,373.0173034667969,278.3869290729935,True
S013,S010,1378.6540993721035,446.0640563964844,496.0640563964844,197.81724798222876,True
S013,S011,5233.198222475188,321.94915771484375,371.94915771484375,419.56926382256466,True
S013,S012,2855.1768012329235,387.30804443359375,437.30804443359375,281.88435266683035,True
S013,S014,3127.3534251577685,477.32818603515625,527.3281860351562,337.5642314362991,True
S013,S015,8349.019280300046,523.2103881835938,573.2103881835938,669.9222366879718,True
S014,O01,5419.570195063381,533.8141479492188,583.8141479492188,621.3550548336525,True
S014,S001,5196.165769042084,544.077880859375,594.077880859375,591.4681638996806,True
S014,S002,7654.536694955985,451.9132080078125,501.9132080078125,673.5721322027948,True
S014,S003,12385.8175982526,548.008056640625,598.008056640625,1011.8604147532984,True
S014,S004,9293.708159580052,500.6614074707031,550.6614074707031,815.0789094505192,True
S014,S005,7995.517966833657,549.3770751953125,599.3770751953125,777.5777195988063,True
S014,S006,8596.797649294402,549.7378540039062,599.7378540039062,770.0076028891581,True
S014,S007,9684.0880942961,539.7184448242188,589.7184448242188,821.666065824167,True
S014,S008,10974.313686438,536.1366577148438,586.1366577148438,936.0944614200854,True
S014,S009,6315.382650028972,495.5936584472656,545.5936584472656,612.127526196593,True
S014,S010,1753.1630582093135,483.914306640625,533.914306640625,250.77469541707922,True
S014,S011,7127.69401391713,562.9054565429688,612.9054565429688,722.8036023926525,True
S014,S012,5454.746994237554,476.46331787109375,526.4633178710938,520.8028993879724,True
S014,S013,3127.3534251577685,477.32818603515625,527.3281860351562,337.5175647696325,True
S014,S015,10556.155703278962,574.5431518554688,624.5431518554688,854.942024912608,True
S015,O01,6009.472571153206,526.5720825195312,576.5720825195312,614.20436525787,True
S015,S001,5500.145051389838,541.9890747070312,591.9890747070312,569.0349915444788,True
S015,S002,7164.449951295167,598.3328247070312,648.3328247070312,707.1074015381673,True
S015,S003,2616.4435904918932,440.38763427734375,490.38763427734375,240.48050450284495,True
S015,S004,5648.35352335657,636.6078491210938,686.6078491210938,630.58265757924,True
S015,S005,3754.979831193437,565.3863525390625,615.3863525390625,465.44864727487493,True
S015,S006,4684.564558088204,594.9586791992188,644.9586791992188,501.18733528530737,True
S015,S007,2219.4120363524676,447.323486328125,497.323486328125,215.0980257307895,True
S015,S008,3928.9682663958242,659.5525512695312,709.5525512695312,515.7430886907111,True
S015,S009,6362.797040603019,533.212158203125,583.212158203125,601.7087187224929,True
S015,S010,9196.099796949906,562.5318603515625,612.5318603515625,763.4566840544728,True
S015,S011,3461.256655827175,550.0650634765625,600.0650634765625,427.79149027129085,True
S015,S012,9317.637296189261,534.7576293945312,584.7576293945312,779.9114146352737,True
S015,S013,8349.019280300046,523.2103881835938,573.2103881835938,678.1089033546385,True
S015,S014,10556.155703278962,574.5431518554688,624.5431518554688,863.1753582459412,True
