scenario_id,group_id,task_id,source_task_id,task_type,copied
R2_不设单站组,G1,R05,R05,transport,False
R2_不设单站组,G1,R06,R06,transport,False
R2_不设单站组,G1,R07,R07,transport,False
R2_不设单站组,G1,R08,R08,transport,False
R2_不设单站组,G1,R10,R10,transport,False
R2_不设单站组,G1,R11,R11,transport,False
R2_不设单站组,G1,R12,R12,transport,False
R2_不设单站组,G1,R13,R13,transport,False
R2_不设单站组,G1,R18,R18,transport,False
R2_不设单站组,G1,R20,R20,transport,False
R2_不设单站组,G1,J01@G1,J01,relay,True
R2_不设单站组,G1,J03@G1,J03,relay,True
R2_不设单站组,G1,J04@G1,J04,relay,True
R2_不设单站组,G2,R01,R01,transport,False
R2_不设单站组,G2,R02,R02,transport,False
R2_不设单站组,G2,R03,R03,transport,False
R2_不设单站组,G2,R04,R04,transport,False
R2_不设单站组,G2,R09,R09,transport,False
R2_不设单站组,G2,R14,R14,transport,False
R2_不设单站组,G2,R15,R15,transport,False
R2_不设单站组,G2,R16,R16,transport,False
R2_不设单站组,G2,R17,R17,transport,False
R2_不设单站组,G2,R19,R19,transport,False
R2_不设单站组,G2,R21,R21,transport,False
R2_不设单站组,G2,R22,R22,transport,False
R2_不设单站组,G2,J01@G2,J01,relay,True
R2_不设单站组,G2,J03@G2,J03,relay,True
R2_不设单站组,G2,J04@G2,J04,relay,True
R2_不设单站组,G2,J06@G2,J06,relay,True
R3_不设单站组,G1,R02,R02,transport,False
R3_不设单站组,G1,R03,R03,transport,False
R3_不设单站组,G1,R04,R04,transport,False
R3_不设单站组,G1,R05,R05,transport,False
R3_不设单站组,G1,R06,R06,transport,False
R3_不设单站组,G1,R14,R14,transport,False
R3_不设单站组,G1,R15,R15,transport,False
R3_不设单站组,G1,R16,R16,transport,False
R3_不设单站组,G1,R19,R19,transport,False
R3_不设单站组,G1,J04@G1,J04,relay,True
R3_不设单站组,G2,R07,R07,transport,False
R3_不设单站组,G2,R08,R08,transport,False
R3_不设单站组,G2,R10,R10,transport,False
R3_不设单站组,G2,R11,R11,transport,False
R3_不设单站组,G2,R13,R13,transport,False
R3_不设单站组,G2,R18,R18,transport,False
R3_不设单站组,G2,R20,R20,transport,False
R3_不设单站组,G2,J01@G2,J01,relay,True
R3_不设单站组,G2,J03@G2,J03,relay,True
R3_不设单站组,G2,J04@G2,J04,relay,True
R3_不设单站组,G3,R01,R01,transport,False
R3_不设单站组,G3,R09,R09,transport,False
R3_不设单站组,G3,R12,R12,transport,False
R3_不设单站组,G3,R17,R17,transport,False
R3_不设单站组,G3,R21,R21,transport,False
R3_不设单站组,G3,R22,R22,transport,False
R3_不设单站组,G3,J01@G3,J01,relay,True
R3_不设单站组,G3,J03@G3,J03,relay,True
R3_不设单站组,G3,J04@G3,J04,relay,True
R3_不设单站组,G3,J06@G3,J06,relay,True
