运输架次编号,通信阶段,时刻（s）,保障方式,中继架次编号,直连遮挡,所选链路裕量dB,解析阶段索引
R01,爬升,390.0,直连,,True,45.92517525248826,0
R01,爬升,390.7973724698568,直连,,True,47.03163249228426,0
R01,爬升,542.0380493164063,直连,,False,29.153771649377532,0
R01,巡航,542.0380493164063,直连,,False,29.153771649377532,1
R01,巡航,726.2736436272793,直连,,False,13.00964691060527,1
R01,巡航,750.6353393301774,直连,,False,11.954216422435707,1
R01,巡航,799.0,直连,,True,0.1713277725817619,1
R01,巡航,804.183735228364,直连,,True,0.0,1
R01,巡航,903.3427289872984,中继,J01,True,2.382028224442422,1
R01,下降,903.3427289872984,中继,J01,True,2.382028224442422,2
R01,下降,996.468388166986,中继,J01,True,2.382028224442422,2
R01,整数秒等待,996.468388166986,中继,J01,True,2.382028224442422,3
R01,整数秒等待,997.0,中继,J01,True,2.382028224442422,3
R01,交接,997.0,中继,J01,True,2.382028224442422,4
R01,交接,1237.0,中继,J01,True,2.382028224442422,4
R01,爬升,1237.0,中继,J01,True,2.382028224442422,5
R01,爬升,1314.604715983073,中继,J01,True,2.382028224442422,5
R01,巡航,1314.604715983073,中继,J01,True,2.382028224442422,6
R01,巡航,1413.7637097420074,直连,,True,0.0,6
R01,巡航,1419.0,直连,,True,0.17308197006751413,6
R01,巡航,1467.3121056401942,直连,,False,11.954216422435707,6
R01,巡航,1491.673801343092,直连,,False,13.00964691060527,6
R01,巡航,1675.909395653965,直连,,False,29.153771649377532,6
R01,下降,1675.909395653965,直连,,False,29.153771649377532,7
R01,下降,1857.3982078698243,直连,,False,57.031632492284274,7
R01,下降,1858.3550548336525,直连,,True,45.92517525248826,7
R01,整数秒等待,1858.3550548336525,直连,,True,45.92517525248826,8
R01,整数秒等待,1859.0,直连,,True,45.92517525248826,8
R02,爬升,360.0,直连,,True,45.92517525248826,9
R02,爬升,360.7973724698568,直连,,True,47.03163249228426,9
R02,爬升,439.3622578938802,直连,,False,35.173188611759926,9
R02,巡航,439.3622578938802,直连,,False,35.173188611759926,10
R02,巡航,579.3202506685182,直连,,False,17.369577338097955,10
R02,巡航,704.8831423356175,直连,,True,1.859877845445311,10
R02,下降,704.8831423356175,直连,,True,1.859877845445311,11
R02,下降,725.2778518082738,直连,,True,1.8682481628298007,11
R02,整数秒等待,725.2778518082738,直连,,True,1.8682481628298007,12
R02,整数秒等待,726.0,直连,,True,1.8682481628298007,12
R02,交接,726.0,直连,,True,1.8682481628298007,13
R02,交接,799.0,直连,,True,1.8682481628298007,13
R02,交接,936.0,直连,,True,1.8682481628298007,13
R02,爬升,936.0,直连,,True,1.8682481628298007,14
R02,爬升,952.9955912272135,直连,,True,1.859877845445311,14
R02,巡航,952.9955912272135,直连,,True,1.859877845445311,15
R02,巡航,1078.5584828943129,直连,,False,17.369577338097955,15
R02,巡航,1091.3789743005589,直连,,False,18.188828514950842,15
R02,巡航,1218.5164756689508,直连,,False,35.173188611759926,15
R02,下降,1218.5164756689508,直连,,False,35.173188611759926,16
R02,下降,1291.9330362198084,直连,,False,51.17797761476481,16
R02,下降,1312.7943381777789,直连,,True,47.03163249228426,16
R02,下降,1313.751185141607,直连,,True,45.92517525248826,16
R02,整数秒等待,1313.751185141607,直连,,True,45.92517525248826,17
R02,整数秒等待,1314.0,直连,,True,45.92517525248826,17
R03,爬升,360.0,直连,,True,45.92517525248826,18
R03,爬升,360.7973724698568,直连,,True,47.03163249228426,18
R03,爬升,439.3622578938802,直连,,False,35.173188611759926,18
R03,巡航,439.3622578938802,直连,,False,35.173188611759926,19
R03,巡航,579.3202506685182,直连,,False,17.369577338097955,19
R03,巡航,704.8831423356175,直连,,True,1.859877845445311,19
R03,下降,704.8831423356175,直连,,True,1.859877845445311,20
R03,下降,725.2778518082738,直连,,True,1.8682481628298007,20
R03,整数秒等待,725.2778518082738,直连,,True,1.8682481628298007,21
R03,整数秒等待,726.0,直连,,True,1.8682481628298007,21
R03,交接,726.0,直连,,True,1.8682481628298007,22
R03,交接,799.0,直连,,True,1.8682481628298007,22
R03,交接,936.0,直连,,True,1.8682481628298007,22
R03,爬升,936.0,直连,,True,1.8682481628298007,23
R03,爬升,952.9955912272135,直连,,True,1.859877845445311,23
R03,巡航,952.9955912272135,直连,,True,1.859877845445311,24
R03,巡航,1078.5584828943129,直连,,False,17.369577338097955,24
R03,巡航,1091.3789743005589,直连,,False,18.188828514950842,24
R03,巡航,1218.5164756689508,直连,,False,35.173188611759926,24
R03,下降,1218.5164756689508,直连,,False,35.173188611759926,25
R03,下降,1291.9330362198084,直连,,False,51.17797761476481,25
R03,下降,1312.7943381777789,直连,,True,47.03163249228426,25
R03,下降,1313.751185141607,直连,,True,45.92517525248826,25
R03,整数秒等待,1313.751185141607,直连,,True,45.92517525248826,26
R03,整数秒等待,1314.0,直连,,True,45.92517525248826,26
R04,爬升,360.0,直连,,True,45.92517525248826,27
R04,爬升,360.7973724698568,直连,,True,47.03163249228426,27
R04,爬升,439.3622578938802,直连,,False,35.173188611759926,27
R04,巡航,439.3622578938802,直连,,False,35.173188611759926,28
R04,巡航,551.3286521135906,直连,,False,17.369577338097955,28
R04,巡航,651.7789654472701,直连,,True,1.859877845445311,28
R04,下降,651.7789654472701,直连,,True,1.859877845445311,29
R04,下降,672.1736749199264,直连,,True,1.8682481628298007,29
R04,整数秒等待,672.1736749199264,直连,,True,1.8682481628298007,30
R04,整数秒等待,673.0,直连,,True,1.8682481628298007,30
R04,交接,673.0,直连,,True,1.8682481628298007,31
R04,交接,799.0,直连,,True,1.8682481628298007,31
R04,交接,883.0,直连,,True,1.8682481628298007,31
R04,爬升,883.0,直连,,True,1.8682481628298007,32
R04,爬升,899.9955912272135,直连,,True,1.859877845445311,32
R04,巡航,899.9955912272135,直连,,True,1.859877845445311,33
R04,巡航,1000.445904560893,直连,,False,17.369577338097955,33
R04,巡航,1010.7022976858898,直连,,False,18.188828514950842,33
R04,巡航,1112.4122987806034,直连,,False,35.173188611759926,33
R04,下降,1112.4122987806034,直连,,False,35.173188611759926,34
R04,下降,1185.828859331461,直连,,False,51.17797761476481,34
R04,下降,1206.6901612894314,直连,,True,47.03163249228426,34
R04,下降,1207.6470082532596,直连,,True,45.92517525248826,34
R04,整数秒等待,1207.6470082532596,直连,,True,45.92517525248826,35
R04,整数秒等待,1208.0,直连,,True,45.92517525248826,35
R05,爬升,480.0,直连,,True,45.92517525248826,36
R05,爬升,480.9568469638281,直连,,True,47.03163249228426,36
R05,爬升,538.7815112304687,直连,,False,39.87286257032159,36
R05,巡航,538.7815112304687,直连,,False,39.87286257032159,37
R05,巡航,650.9485847617775,直连,,False,17.40198584643929,37
R05,巡航,742.3807580759678,直连,,True,2.240928291478639,37
R05,下降,742.3807580759678,直连,,True,2.240928291478639,38
R05,下降,787.7076471140538,直连,,True,2.247813117477804,38
R05,整数秒等待,787.7076471140538,直连,,True,2.247813117477804,39
R05,整数秒等待,788.0,直连,,True,2.247813117477804,39
R05,交接,788.0,直连,,True,2.247813117477804,40
R05,交接,799.0,直连,,True,2.247813117477804,40
R05,交接,1184.0,直连,,True,2.247813117477804,40
R05,爬升,1184.0,直连,,True,2.247813117477804,41
R05,爬升,1220.2615112304688,直连,,True,2.240928291478639,41
R05,巡航,1220.2615112304688,直连,,True,2.240928291478639,42
R05,巡航,1271.8002227420225,直连,,True,4.770186213682351,42
R05,巡航,1272.1747785598739,直连,,True,4.791541387277192,42
R05,巡航,1311.6936845446592,直连,,False,17.40198584643929,42
R05,巡航,1419.0,直连,,False,38.634878697793894,42
R05,巡航,1423.860758075968,直连,,False,39.87286257032159,42
R05,下降,1423.860758075968,直连,,False,39.87286257032159,43
R05,下降,1496.141588409269,直连,,True,47.03163249228426,43
R05,下降,1497.337647114054,直连,,True,45.92517525248826,43
R05,整数秒等待,1497.337647114054,直连,,True,45.92517525248826,44
R05,整数秒等待,1498.0,直连,,True,45.92517525248826,44
R06,爬升,570.0,直连,,True,45.92517525248826,45
R06,爬升,570.9568469638281,直连,,True,47.03163249228426,45
R06,爬升,628.7815112304687,直连,,False,39.87286257032159,45
R06,巡航,628.7815112304687,直连,,False,39.87286257032159,46
R06,巡航,740.9485847617775,直连,,False,17.40198584643929,46
R06,巡航,780.4674907465628,直连,,True,4.791541387277192,46
R06,巡航,780.8420465644143,直连,,True,4.770186213682351,46
R06,巡航,799.0,直连,,True,3.7930917091431695,46
R06,巡航,832.3807580759678,直连,,True,2.240928291478639,46
R06,下降,832.3807580759678,直连,,True,2.240928291478639,47
R06,下降,877.7076471140538,直连,,True,2.247813117477804,47
R06,整数秒等待,877.7076471140538,直连,,True,2.247813117477804,48
R06,整数秒等待,878.0,直连,,True,2.247813117477804,48
R06,交接,878.0,直连,,True,2.247813117477804,49
R06,交接,1382.0,直连,,True,2.247813117477804,49
R06,爬升,1382.0,直连,,True,2.247813117477804,50
R06,爬升,1418.2615112304688,直连,,True,2.240928291478639,50
R06,巡航,1418.2615112304688,直连,,True,2.240928291478639,51
R06,巡航,1419.0,直连,,True,2.2724361069718952,51
R06,巡航,1469.8002227420225,直连,,True,4.770186213682351,51
R06,巡航,1470.1747785598739,直连,,True,4.791541387277192,51
R06,巡航,1509.6936845446592,直连,,False,17.40198584643929,51
R06,巡航,1621.860758075968,直连,,False,39.87286257032159,51
R06,下降,1621.860758075968,直连,,False,39.87286257032159,52
R06,下降,1694.141588409269,直连,,True,47.03163249228426,52
R06,下降,1695.337647114054,直连,,True,45.92517525248826,52
R06,整数秒等待,1695.337647114054,直连,,True,45.92517525248826,53
R06,整数秒等待,1696.0,直连,,True,45.92517525248826,53
R07,爬升,374.0,直连,,True,45.92517525248826,54
R07,爬升,374.7973724698568,直连,,True,47.03163249228426,54
R07,爬升,475.24110310872396,直连,,False,32.887874830119486,54
R07,巡航,475.24110310872396,直连,,False,32.887874830119486,55
R07,巡航,617.3703545847723,直连,,False,17.189930229149184,55
R07,巡航,732.6563804052759,直连,,True,2.1129786014228102,55
R07,巡航,799.0,直连,,True,0.1346159618499314,55
R07,巡航,804.0835360193652,直连,,True,4.263256414560601e-14,55
R07,巡航,873.9473428019653,中继,J01,True,2.382028224442422,55
R07,下降,873.9473428019653,中继,J01,True,2.382028224442422,56
R07,下降,905.876666532434,中继,J01,True,2.382028224442422,56
R07,整数秒等待,905.876666532434,中继,J01,True,2.382028224442422,57
R07,整数秒等待,906.0,中继,J01,True,2.382028224442422,57
R07,交接,906.0,中继,J01,True,2.382028224442422,58
R07,交接,1116.0,中继,J01,True,2.382028224442422,58
R07,爬升,1116.0,中继,J01,True,2.382028224442422,59
R07,爬升,1142.6077697753906,中继,J01,True,2.382028224442422,59
R07,巡航,1142.6077697753906,中继,J01,True,2.382028224442422,60
R07,巡航,1212.4715765579908,直连,,True,4.263256414560601e-14,60
R07,巡航,1283.89873217208,直连,,True,2.1129786014228102,60
R07,巡航,1399.1847579925834,直连,,False,17.189930229149184,60
R07,巡航,1419.0,直连,,False,18.453306625312308,60
R07,巡航,1541.3140094686319,直连,,False,32.887874830119486,60
R07,下降,1541.3140094686319,直连,,False,32.887874830119486,61
R07,下降,1661.8464862352723,直连,,False,57.031632492284274,61
R07,下降,1662.8033331991005,直连,,True,45.92517525248826,61
R07,整数秒等待,1662.8033331991005,直连,,True,45.92517525248826,62
R07,整数秒等待,1663.0,直连,,True,45.92517525248826,62
R08,爬升,430.0,直连,,True,45.92517525248826,63
R08,爬升,430.7973724698568,直连,,True,47.03163249228426,63
R08,爬升,519.2551106770834,直连,,False,34.06496439218431,63
R08,巡航,519.2551106770834,直连,,False,34.06496439218431,64
R08,巡航,731.8966244749203,直连,,False,13.768435394388675,64
R08,巡航,799.0,直连,,True,1.4033131976881634,64
R08,巡航,848.2992760129946,直连,,True,-8.526512829121202e-14,64
R08,巡航,923.3573641125467,中继,J01,True,2.382028224442422,64
R08,下降,923.3573641125467,中继,J01,True,2.382028224442422,65
R08,下降,940.8634969250468,中继,J01,True,2.382028224442422,65
R08,整数秒等待,940.8634969250468,中继,J01,True,2.382028224442422,66
R08,整数秒等待,941.0,中继,J01,True,2.382028224442422,66
R08,交接,941.0,中继,J01,True,2.382028224442422,67
R08,交接,1151.0,中继,J01,True,2.382028224442422,67
R08,爬升,1151.0,中继,J01,True,2.382028224442422,68
R08,爬升,1165.5884440104167,中继,J01,True,2.382028224442422,68
R08,巡航,1165.5884440104167,中继,J01,True,2.382028224442422,69
R08,巡航,1240.6465321099688,直连,,True,-8.526512829121202e-14,69
R08,巡航,1357.0491836480433,直连,,False,13.768435394388675,69
R08,巡航,1419.0,直连,,False,16.719644905495073,69
R08,巡航,1569.69069744588,直连,,False,34.06496439218431,69
R08,下降,1569.69069744588,直连,,False,34.06496439218431,70
R08,下降,1675.8399832945518,直连,,False,57.031632492284274,70
R08,下降,1676.79683025838,直连,,True,45.92517525248826,70
R08,整数秒等待,1676.79683025838,直连,,True,45.92517525248826,71
R08,整数秒等待,1677.0,直连,,True,45.92517525248826,71
R09,爬升,1598.0,直连,,True,45.92517525248826,72
R09,爬升,1598.7973724698568,直连,,True,47.03163249228426,72
R09,爬升,1693.537489827474,直连,,False,33.428166015091335,72
R09,巡航,1693.537489827474,直连,,False,33.428166015091335,73
R09,巡航,1908.417596642592,直连,,False,11.750412326388371,73
R09,巡航,1952.0,直连,,True,0.15550879319495436,73
R09,巡航,1956.6909683711167,直连,,True,-1.2789769243681803e-13,73
R09,巡航,1963.9876017838467,中继,J03,True,9.999999999999986,73
R09,巡航,2186.23403824536,中继,J03,True,10.319623299639517,73
R09,下降,2186.23403824536,中继,J03,True,10.319623299639517,74
R09,下降,2240.0390260383288,中继,J03,True,10.319623299639517,74
R09,整数秒等待,2240.0390260383288,中继,J03,True,10.319623299639517,75
R09,整数秒等待,2241.0,中继,J03,True,10.319623299639517,75
R09,交接,2241.0,中继,J03,True,10.319623299639517,76
R09,交接,2481.0,中继,J03,True,10.319623299639517,76
R09,爬升,2481.0,中继,J03,True,10.319623299639517,77
R09,爬升,2525.8374898274737,中继,J03,True,10.319623299639517,77
R09,巡航,2525.8374898274737,中继,J03,True,10.319623299639517,78
R09,巡航,2748.083926288987,中继,J03,True,9.999999999999986,78
R09,巡航,2755.380559701717,直连,,True,-1.2789769243681803e-13,78
R09,巡航,2803.6539314302418,直连,,False,11.750412326388371,78
R09,巡航,3018.5340382453596,直连,,False,33.428166015091335,78
R09,下降,3018.5340382453596,直连,,False,33.428166015091335,79
R09,下降,3129.731448943217,直连,,False,60.822122996958036,79
R09,下降,3132.2221790745,直连,,False,57.031632492284274,79
R09,下降,3133.179026038328,直连,,True,45.92517525248826,79
R09,整数秒等待,3133.179026038328,直连,,True,45.92517525248826,80
R09,整数秒等待,3134.0,直连,,True,45.92517525248826,80
R10,爬升,1704.0,直连,,True,45.92517525248826,81
R10,爬升,1704.7973724698568,直连,,True,47.03163249228426,81
R10,爬升,1758.6662587483725,直连,,False,38.77859913945332,81
R10,巡航,1758.6662587483725,直连,,False,38.77859913945332,82
R10,巡航,1917.9324484115896,直连,,False,16.29509388553292,82
R10,巡航,1952.0,直连,,True,4.619298201698044,82
R10,巡航,2088.139123157355,直连,,True,-4.121147867408581e-13,82
R10,巡航,2234.0953270520818,中继,J03,True,8.478894301678935,82
R10,下降,2234.0953270520818,中继,J03,True,8.478894301678935,83
R10,下降,2258.7748375501287,中继,J03,True,8.439762288340688,83
R10,整数秒等待,2258.7748375501287,中继,J03,True,8.439762288340688,84
R10,整数秒等待,2259.0,中继,J03,True,8.439762288340688,84
R10,交接,2259.0,中继,J03,True,8.439762288340688,85
R10,交接,2439.0,中继,J03,True,8.439762288340688,85
R10,爬升,2439.0,中继,J03,True,8.439762288340688,86
R10,爬升,2486.672434488932,中继,J03,True,8.521864406378256,86
R10,巡航,2486.672434488932,中继,J03,True,8.521864406378256,87
R10,巡航,2522.777107537348,中继,J03,True,10.000000000000128,87
R10,巡航,2754.2652343189434,中继,J03,True,10.319623299639517,87
R10,下降,2754.2652343189434,中继,J03,True,10.319623299639517,88
R10,下降,2762.792155705662,中继,J03,True,10.319623299639517,88
R10,整数秒等待,2762.792155705662,中继,J03,True,10.319623299639517,89
R10,整数秒等待,2763.0,中继,J03,True,10.319623299639517,89
R10,交接,2763.0,中继,J03,True,10.319623299639517,90
R10,交接,2943.0,中继,J03,True,10.319623299639517,90
R10,爬升,2943.0,中继,J03,True,10.319623299639517,91
R10,爬升,2991.1213521321615,中继,J03,True,10.319623299639517,91
R10,巡航,2991.1213521321615,中继,J03,True,10.319623299639517,92
R10,巡航,3026.731427512144,中继,J03,True,10.000000000000384,92
R10,巡航,3106.0091937465036,中继,J03,True,6.77195047867545,92
R10,下降,3106.0091937465036,中继,J03,True,6.77195047867545,93
R10,下降,3163.7948163050974,中继,J03,True,6.734719897105364,93
R10,整数秒等待,3163.7948163050974,中继,J03,True,6.734719897105364,94
R10,整数秒等待,3164.0,中继,J03,True,6.734719897105364,94
R10,交接,3164.0,中继,J03,True,6.734719897105364,95
R10,交接,3277.0,中继,J03,True,6.734719897105364,95
R10,交接,3344.0,中继,J03,True,6.734719897105364,95
R10,爬升,3344.0,中继,J03,True,6.734719897105364,96
R10,爬升,3346.49370313027,中继,J03,True,6.737174062768133,96
R10,爬升,3370.607769775391,中继,J03,True,6.757952976251261,96
R10,巡航,3370.607769775391,中继,J03,True,6.757952976251261,97
R10,巡航,3440.471576557991,直连,,True,4.263256414560601e-14,97
R10,巡航,3510.0,直连,,True,2.049675507927873,97
R10,巡航,3627.184757992584,直连,,False,17.189930229149184,97
R10,巡航,3769.3140094686323,直连,,False,32.887874830119486,97
R10,下降,3769.3140094686323,直连,,False,32.887874830119486,98
R10,下降,3884.639970294567,直连,,False,68.70650795773545,98
R10,下降,3889.846486235273,直连,,False,57.031632492284274,98
R10,下降,3890.803333199101,直连,,True,45.92517525248826,98
R10,整数秒等待,3890.803333199101,直连,,True,45.92517525248826,99
R10,整数秒等待,3891.0,直连,,True,45.92517525248826,99
R11,爬升,2038.0,直连,,True,45.92517525248826,100
R11,爬升,2038.9568469638282,直连,,True,47.03163249228426,100
R11,爬升,2041.4475770951112,直连,,False,60.82212299695797,100
R11,爬升,2103.599510498047,直连,,False,38.77859913945332,100
R11,巡航,2103.599510498047,直连,,False,38.77859913945332,101
R11,巡航,2231.0124622286207,直连,,False,16.29509388553292,101
R11,巡航,2367.1778020252327,直连,,True,-4.121147867408581e-13,101
R11,巡航,2483.942765141014,中继,J03,True,8.478894301678935,101
R11,下降,2483.942765141014,中继,J03,True,8.478894301678935,102
R11,下降,2514.792153263573,中继,J03,True,8.439762288340688,102
R11,整数秒等待,2514.792153263573,中继,J03,True,8.439762288340688,103
R11,整数秒等待,2515.0,中继,J03,True,8.439762288340688,103
R11,交接,2515.0,中继,J03,True,8.439762288340688,104
R11,交接,2767.0,中继,J03,True,8.439762288340688,104
R11,爬升,2767.0,中继,J03,True,8.439762288340688,105
R11,爬升,2805.4684936523436,中继,J03,True,8.498320431489901,105
R11,巡航,2805.4684936523436,中继,J03,True,8.498320431489901,106
R11,巡航,2920.4376393493526,中继,J03,True,5.7847463313737535,106
R11,下降,2920.4376393493526,中继,J03,True,5.7847463313737535,107
R11,下降,2973.7732564147823,中继,J03,True,5.749414050274794,107
R11,整数秒等待,2973.7732564147823,中继,J03,True,5.749414050274794,108
R11,整数秒等待,2974.0,中继,J03,True,5.749414050274794,108
R11,交接,2974.0,中继,J03,True,5.749414050274794,109
R11,交接,3277.0,中继,J03,True,5.749414050274794,109
R11,交接,3370.0,中继,J03,True,5.749414050274794,109
R11,爬升,3370.0,中继,J03,True,5.749414050274794,110
R11,爬升,3404.641845703125,中继,J03,True,5.778803974732824,110
R11,巡航,3404.641845703125,中继,J03,True,5.778803974732824,111
R11,巡航,3506.13292534083,中继,J03,True,7.642177507939792,111
R11,巡航,3510.0,中继,J03,True,7.672106845300675,111
R11,巡航,3635.1874658121856,直连,,True,3.836930773104541e-13,111
R11,巡航,3754.7965121976627,直连,,False,15.237455797113256,111
R11,巡航,3881.710442016495,直连,,False,32.390857034887674,111
R11,巡航,3898.7290262936795,直连,,False,37.950418600809655,111
R11,下降,3898.7290262936795,直连,,False,37.950418600809655,112
R11,下降,3980.2271297919183,直连,,False,68.7065079577354,112
R11,下降,3986.7352747178006,直连,,True,47.03163249228426,112
R11,下降,3987.931333422586,直连,,True,45.92517525248826,112
R11,整数秒等待,3987.931333422586,直连,,True,45.92517525248826,113
R11,整数秒等待,3988.0,直连,,True,45.92517525248826,113
R12,爬升,2176.0,直连,,True,45.92517525248826,114
R12,爬升,2176.956846963828,直连,,True,47.03163249228426,114
R12,爬升,2179.4475770951112,直连,,False,60.82212299695797,114
R12,爬升,2285.103703613281,直连,,False,33.89163369468112,114
R12,巡航,2285.103703613281,直连,,False,33.89163369468112,115
R12,巡航,2548.3179336534677,直连,,False,9.999999999999758,115
R12,巡航,2664.714726592789,直连,,False,6.828624777822824,115
R12,巡航,2799.41898728283,中继,J03,True,1.6838672268307988,115
R12,下降,2799.41898728283,中继,J03,True,1.6838672268307988,116
R12,下降,2885.4986167994316,中继,J03,True,1.6639705592555742,116
R12,整数秒等待,2885.4986167994316,中继,J03,True,1.6639705592555742,117
R12,整数秒等待,2886.0,中继,J03,True,1.6639705592555742,117
R12,交接,2886.0,中继,J03,True,1.6639705592555742,118
R12,交接,3277.0,中继,J03,True,1.6639705592555742,118
R12,交接,3282.0,中继,J03,True,1.6639705592555742,118
R12,爬升,3282.0,中继,J03,True,1.6639705592555742,119
R12,爬升,3289.167414719595,中继,J03,True,1.6664852410946907,119
R12,爬升,3350.8637036132814,中继,J03,True,1.6838672268307988,119
R12,巡航,3350.8637036132814,中继,J03,True,1.6838672268307988,120
R12,巡航,3485.5679643033227,直连,,False,6.828624777822824,120
R12,巡航,3510.0,直连,,False,7.405240572461025,120
R12,巡航,3601.964757242644,直连,,False,9.999999999999758,120
R12,巡航,3854.7985952619556,直连,,False,32.4944603836953,120
R12,巡航,3865.1789872828303,直连,,False,33.89163369468112,120
R12,下降,3865.1789872828303,直连,,False,33.89163369468112,121
R12,下降,3993.8544131687645,直连,,False,68.70650795773523,121
R12,下降,4000.362558094647,直连,,False,57.031632492284274,121
R12,下降,4001.558616799432,直连,,True,45.92517525248826,121
R12,整数秒等待,4001.558616799432,直连,,True,45.92517525248826,122
R12,整数秒等待,4002.0,直连,,True,45.92517525248826,122
R13,爬升,2120.0,直连,,True,45.92517525248826,123
R13,爬升,2120.797372469857,直连,,True,47.03163249228426,123
R13,爬升,2122.8729809125925,直连,,False,60.82212299695797,123
R13,爬升,2179.4682047526044,直连,,False,37.950418600809655,123
R13,巡航,2179.4682047526044,直连,,False,37.950418600809655,124
R13,巡航,2359.3838473726255,直连,,False,15.237455797113256,124
R13,巡航,2508.895155354472,直连,,True,3.836930773104541e-13,124
R13,巡航,2797.0771804907977,中继,J03,True,5.778803974732824,124
R13,下降,2797.0771804907977,中继,J03,True,5.778803974732824,125
R13,下降,2831.7190261939227,中继,J03,True,5.749414050274794,125
R13,整数秒等待,2831.7190261939227,中继,J03,True,5.749414050274794,126
R13,整数秒等待,2832.0,中继,J03,True,5.749414050274794,126
R13,交接,2832.0,中继,J03,True,5.749414050274794,127
R13,交接,3042.0,中继,J03,True,5.749414050274794,127
R13,爬升,3042.0,中继,J03,True,5.749414050274794,128
R13,爬升,3070.868204752604,中继,J03,True,5.778803974732824,128
R13,巡航,3070.868204752604,中继,J03,True,5.778803974732824,129
R13,巡航,3197.732054299735,中继,J03,True,7.642177507939792,129
R13,巡航,3277.0,中继,J03,True,7.586321732315099,129
R13,巡航,3359.0502298889296,直连,,True,3.836930773104541e-13,129
R13,巡航,3508.561537870776,直连,,False,15.237455797113256,129
R13,巡航,3510.0,直连,,False,15.306804030331875,129
R13,巡航,3667.203950144317,直连,,False,32.390857034887674,129
R13,巡航,3688.4771804907973,直连,,False,37.950418600809655,129
R13,下降,3688.4771804907973,直连,,False,37.950418600809655,130
R13,下降,3753.675663289388,直连,,False,68.7065079577354,130
R13,下降,3758.882179230094,直连,,True,47.03163249228426,130
R13,下降,3759.839026193922,直连,,True,45.92517525248826,130
R13,整数秒等待,3759.839026193922,直连,,True,45.92517525248826,131
R13,整数秒等待,3760.0,直连,,True,45.92517525248826,131
R14,爬升,2827.0,直连,,True,45.92517525248826,132
R14,爬升,2827.797372469857,直连,,True,47.03163249228426,132
R14,爬升,2829.8729809125925,直连,,False,60.82212299695797,132
R14,爬升,2951.035557047526,直连,,False,31.012290096743442,132
R14,巡航,2951.035557047526,直连,,False,31.012290096743442,133
R14,巡航,2960.243905144376,直连,,False,30.604342195484435,133
R14,巡航,3011.3122916809525,直连,,False,23.835577234719338,133
R14,巡航,3271.3067268587824,直连,,False,10.215492345676523,133
R14,巡航,3277.0,直连,,True,0.06369662223940509,133
R14,巡航,3279.418564993329,直连,,True,-2.1316282072803006e-13,133
R14,巡航,3328.912890020662,中继,J04,True,7.355811441097472,133
R14,下降,3328.912890020662,中继,J04,True,7.355811441097472,134
R14,下降,3389.435558477693,中继,J04,True,7.266364806384871,134
R14,整数秒等待,3389.435558477693,中继,J04,True,7.266364806384871,135
R14,整数秒等待,3390.0,中继,J04,True,7.266364806384871,135
R14,交接,3390.0,中继,J04,True,7.266364806384871,136
R14,交接,3510.0,中继,J04,True,7.266364806384871,136
R14,交接,3600.0,中继,J04,True,7.266364806384871,136
R14,爬升,3600.0,中继,J04,True,7.266364806384871,137
R14,爬升,3650.435557047526,中继,J04,True,7.355811441097472,137
R14,巡航,3650.435557047526,中继,J04,True,7.355811441097472,138
R14,巡航,3699.929882074859,直连,,True,-2.1316282072803006e-13,138
R14,巡航,3708.0417202094054,直连,,False,10.215492345676523,138
R14,巡航,4019.1045419238117,直连,,False,30.604342195484435,138
R14,巡航,4028.312890020662,直连,,False,31.012290096743442,138
R14,下降,4028.312890020662,直连,,False,31.012290096743442,139
R14,下降,4170.99219557316,直连,,False,68.70650795773545,139
R14,下降,4176.198711513865,直连,,False,57.031632492284274,139
R14,下降,4177.155558477693,直连,,True,45.92517525248826,139
R14,整数秒等待,4177.155558477693,直连,,True,45.92517525248826,140
R14,整数秒等待,4178.0,直连,,True,45.92517525248826,140
R15,爬升,2827.0,直连,,True,45.92517525248826,141
R15,爬升,2827.797372469857,直连,,True,47.03163249228426,141
R15,爬升,2829.8729809125925,直连,,False,60.82212299695797,141
R15,爬升,2951.035557047526,直连,,False,31.012290096743442,141
R15,巡航,2951.035557047526,直连,,False,31.012290096743442,142
R15,巡航,2960.243905144376,直连,,False,30.604342195484435,142
R15,巡航,3011.3122916809525,直连,,False,23.835577234719338,142
R15,巡航,3271.3067268587824,直连,,False,10.215492345676523,142
R15,巡航,3277.0,直连,,True,0.06369662223940509,142
R15,巡航,3279.418564993329,直连,,True,-2.1316282072803006e-13,142
R15,巡航,3328.912890020662,中继,J04,True,7.355811441097472,142
R15,下降,3328.912890020662,中继,J04,True,7.355811441097472,143
R15,下降,3389.435558477693,中继,J04,True,7.266364806384871,143
R15,整数秒等待,3389.435558477693,中继,J04,True,7.266364806384871,144
R15,整数秒等待,3390.0,中继,J04,True,7.266364806384871,144
R15,交接,3390.0,中继,J04,True,7.266364806384871,145
R15,交接,3510.0,中继,J04,True,7.266364806384871,145
R15,交接,3600.0,中继,J04,True,7.266364806384871,145
R15,爬升,3600.0,中继,J04,True,7.266364806384871,146
R15,爬升,3650.435557047526,中继,J04,True,7.355811441097472,146
R15,巡航,3650.435557047526,中继,J04,True,7.355811441097472,147
R15,巡航,3699.929882074859,直连,,True,-2.1316282072803006e-13,147
R15,巡航,3708.0417202094054,直连,,False,10.215492345676523,147
R15,巡航,4019.1045419238117,直连,,False,30.604342195484435,147
R15,巡航,4028.312890020662,直连,,False,31.012290096743442,147
R15,下降,4028.312890020662,直连,,False,31.012290096743442,148
R15,下降,4170.99219557316,直连,,False,68.70650795773545,148
R15,下降,4176.198711513865,直连,,False,57.031632492284274,148
R15,下降,4177.155558477693,直连,,True,45.92517525248826,148
R15,整数秒等待,4177.155558477693,直连,,True,45.92517525248826,149
R15,整数秒等待,4178.0,直连,,True,45.92517525248826,149
R16,爬升,2879.0,直连,,True,45.92517525248826,150
R16,爬升,2879.797372469857,直连,,True,47.03163249228426,150
R16,爬升,2881.8729809125925,直连,,False,60.82212299695797,150
R16,爬升,3019.9448486328124,直连,,False,29.84324102000643,150
R16,巡航,3019.9448486328124,直连,,False,29.84324102000643,151
R16,巡航,3027.1698616757803,直连,,False,29.539762199710637,151
R16,巡航,3065.139474549071,直连,,False,24.008916202035536,151
R16,巡航,3274.0143032156875,直连,,False,10.276646653337338,151
R16,巡航,3277.0,直连,,True,0.17627793774376244,151
R16,巡航,3282.327106020589,直连,,True,0.0,151
R16,巡航,3504.166696443287,中继,J04,True,6.9462820131695935,151
R16,下降,3504.166696443287,中继,J04,True,6.9462820131695935,152
R16,下降,3510.0,中继,J04,True,6.940258879176966,152
R16,下降,3520.248993438497,中继,J04,True,6.929135424580281,152
R16,下降,3588.980514802662,中继,J04,True,6.837137484766231,152
R16,整数秒等待,3588.980514802662,中继,J04,True,6.837137484766231,153
R16,整数秒等待,3589.0,中继,J04,True,6.837137484766231,153
R16,交接,3589.0,中继,J04,True,6.837137484766231,154
R16,交接,3829.0,中继,J04,True,6.837137484766231,154
R16,爬升,3829.0,中继,J04,True,6.837137484766231,155
R16,爬升,3899.678181966146,中继,J04,True,6.9462820131695935,155
R16,巡航,3899.678181966146,中继,J04,True,6.9462820131695935,156
R16,巡航,4121.517772388845,直连,,True,0.0,156
R16,巡航,4129.830575193746,直连,,False,10.276646653337338,156
R16,巡航,4376.675016733653,直连,,False,29.539762199710637,156
R16,巡航,4383.900029776621,直连,,False,29.84324102000643,156
R16,下降,4383.900029776621,直连,,False,29.84324102000643,157
R16,下降,4546.870485231462,直连,,False,68.70650795773545,157
R16,下降,4552.077001172168,直连,,False,57.031632492284274,157
R16,下降,4553.033848135996,直连,,True,45.92517525248826,157
R16,整数秒等待,4553.033848135996,直连,,True,45.92517525248826,158
R16,整数秒等待,4554.0,直连,,True,45.92517525248826,158
R17,爬升,3524.0,直连,,True,45.92517525248826,159
R17,爬升,3524.797372469857,直连,,True,47.03163249228426,159
R17,爬升,3529.1361357537785,直连,,False,68.70650795773523,159
R17,爬升,3673.6240275065106,直连,,False,29.299219631628887,159
R17,巡航,3673.6240275065106,直连,,False,29.299219631628887,160
R17,巡航,3680.2001723135004,直连,,False,29.075341326530307,160
R17,巡航,3925.276097056367,直连,,False,10.352238180855437,160
R17,巡航,3935.822810717377,直连,,True,-8.526512829121202e-14,160
R17,巡航,3968.257108641107,中继,J04,True,9.81370032126732,160
R17,巡航,4074.2555322500575,中继,J04,True,9.81370032126732,160
R17,下降,4074.2555322500575,中继,J04,True,9.81370032126732,161
R17,下降,4115.08436525787,中继,J04,True,9.81370032126732,161
R17,整数秒等待,4115.08436525787,中继,J04,True,9.81370032126732,162
R17,整数秒等待,4116.0,中继,J04,True,9.81370032126732,162
R17,交接,4116.0,中继,J04,True,9.81370032126732,163
R17,交接,4356.0,中继,J04,True,9.81370032126732,163
R17,爬升,4356.0,中继,J04,True,9.81370032126732,164
R17,爬升,4390.024027506511,中继,J04,True,9.81370032126732,164
R17,巡航,4390.024027506511,中继,J04,True,9.81370032126732,165
R17,巡航,4496.022451115461,中继,J04,True,9.81370032126732,165
R17,巡航,4528.456749039192,直连,,True,-8.526512829121202e-14,165
R17,巡航,4539.003462700201,直连,,False,10.352238180855437,165
R17,巡航,4784.079387443068,直连,,False,29.075341326530307,165
R17,巡航,4790.655532250058,直连,,False,29.299219631628887,165
R17,下降,4790.655532250058,直连,,False,29.299219631628887,166
R17,下降,4964.041002353337,直连,,False,68.70650795773545,166
R17,下降,4969.2475182940425,直连,,False,57.031632492284274,166
R17,下降,4970.20436525787,直连,,True,45.92517525248826,166
R17,整数秒等待,4970.20436525787,直连,,True,45.92517525248826,167
R17,整数秒等待,4971.0,直连,,True,45.92517525248826,167
R18,爬升,4120.0,直连,,True,45.92517525248826,168
R18,爬升,4120.797372469857,直连,,True,47.03163249228426,168
R18,爬升,4125.136135753778,直连,,False,68.70650795773523,168
R18,爬升,4174.3860666910805,直连,,False,38.829450578334075,168
R18,巡航,4174.3860666910805,直连,,False,38.829450578334075,169
R18,巡航,4184.871211749492,直连,,False,36.34367342281209,169
R18,巡航,4355.160375109187,直连,,False,15.20054324647073,169
R18,巡航,4408.394238923711,直连,,True,2.96625704173033,169
R18,下降,4408.394238923711,直连,,True,2.96625704173033,170
R18,下降,4439.897518953007,直连,,True,2.9752461695512835,170
R18,整数秒等待,4439.897518953007,直连,,True,2.9752461695512835,171
R18,整数秒等待,4440.0,直连,,True,2.9752461695512835,171
R18,交接,4440.0,直连,,True,2.9752461695512835,172
R18,交接,4650.0,直连,,True,2.9752461695512835,172
R18,爬升,4650.0,直连,,True,2.9752461695512835,173
R18,爬升,4676.252733357747,直连,,True,2.96625704173033,173
R18,巡航,4676.252733357747,直连,,True,2.96625704173033,174
R18,巡航,4729.486597172271,直连,,False,15.20054324647073,174
R18,巡航,4899.775760531966,直连,,False,36.34367342281209,174
R18,巡航,4910.260905590378,直连,,False,38.829450578334075,174
R18,下降,4910.260905590378,直连,,False,38.829450578334075,175
R18,下降,4969.360822715141,直连,,False,68.70650795773517,175
R18,下降,4974.5673386558465,直连,,True,47.03163249228426,175
R18,下降,4975.524185619674,直连,,True,45.92517525248826,175
R18,整数秒等待,4975.524185619674,直连,,True,45.92517525248826,176
R18,整数秒等待,4976.0,直连,,True,45.92517525248826,176
R19,爬升,4468.0,直连,,True,45.92517525248826,177
R19,爬升,4468.956846963828,直连,,True,47.03163249228426,177
R19,爬升,4474.163362904534,直连,,False,68.70650795773523,177
R19,爬升,4616.842668457031,直连,,False,31.012290096743442,177
R19,巡航,4616.842668457031,直连,,False,31.012290096743442,178
R19,巡航,4624.209346934512,直连,,False,30.604342195484435,178
R19,巡航,4873.059604306037,直连,,False,10.215492345676523,178
R19,巡航,4879.5490748136735,直连,,True,-2.1316282072803006e-13,178
R19,巡航,4919.14453483554,中继,J04,True,7.355811441097472,178
R19,下降,4919.14453483554,中继,J04,True,7.355811441097472,179
R19,下降,4994.797870406829,中继,J04,True,7.266364806384871,179
R19,整数秒等待,4994.797870406829,中继,J04,True,7.266364806384871,180
R19,整数秒等待,4995.0,中继,J04,True,7.266364806384871,180
R19,交接,4995.0,中继,J04,True,7.266364806384871,181
R19,交接,5211.0,中继,J04,True,7.266364806384871,181
R19,爬升,5211.0,中继,J04,True,7.266364806384871,182
R19,爬升,5239.05859375,中继,J04,True,7.310988175202496,182
R19,巡航,5239.05859375,中继,J04,True,7.310988175202496,183
R19,巡航,5421.3480376532625,中继,J04,True,6.883764625084993,183
R19,下降,5421.3480376532625,中继,J04,True,6.883764625084993,184
R19,下降,5461.4212798407625,中继,J04,True,6.837137484766231,184
R19,整数秒等待,5461.4212798407625,中继,J04,True,6.837137484766231,185
R19,整数秒等待,5462.0,中继,J04,True,6.837137484766231,185
R19,交接,5462.0,中继,J04,True,6.837137484766231,186
R19,交接,5822.0,中继,J04,True,6.837137484766231,186
R19,爬升,5822.0,中继,J04,True,6.837137484766231,187
R19,爬升,5906.813818359375,中继,J04,True,6.9462820131695935,187
R19,巡航,5906.813818359375,中继,J04,True,6.9462820131695935,188
R19,巡航,5911.870709827207,中继,J04,True,7.059489027499865,188
R19,巡航,5941.851733954821,中继,J04,True,7.644528029687223,188
R19,巡航,6128.653408782074,直连,,True,0.0,188
R19,巡航,6136.966211586974,直连,,False,10.276646653337338,188
R19,巡航,6246.0,直连,,False,15.048045767384792,188
R19,巡航,6247.0,直连,,False,15.106135605765644,188
R19,巡航,6294.8864290963875,直连,,False,18.438784300143666,188
R19,巡航,6383.810653126882,直连,,False,29.539762199710637,188
R19,巡航,6387.323433958725,直连,,False,29.76104188540417,188
R19,巡航,6391.03566616985,直连,,False,29.84324102000643,188
R19,下降,6391.03566616985,直连,,False,29.84324102000643,189
R19,下降,6476.0,直连,,False,34.60216617187375,189
R19,下降,6599.03181723659,直连,,False,59.562138440727,189
R19,下降,6601.256880414283,直连,,False,57.031632492284274,189
R19,下降,6602.452939119068,直连,,True,45.92517525248826,189
R19,整数秒等待,6602.452939119068,直连,,True,45.92517525248826,190
R19,整数秒等待,6603.0,直连,,True,45.92517525248826,190
R20,爬升,4512.0,直连,,True,45.92517525248826,191
R20,爬升,4512.956846963828,直连,,True,47.03163249228426,191
R20,爬升,4518.163362904534,直连,,False,68.70650795773523,191
R20,爬升,4590.1385546875,直连,,False,37.06783874565201,191
R20,巡航,4590.1385546875,直连,,False,37.06783874565201,192
R20,巡航,4599.852968335818,直连,,False,34.787448536847094,192
R20,巡航,4816.015971692516,直连,,False,11.334877401339142,192
R20,巡航,4853.632432661607,直连,,True,5.684341886080802e-14,192
R20,巡航,4942.181333985172,中继,J04,True,4.428753938826446,192
R20,下降,4942.181333985172,中继,J04,True,4.428753938826446,193
R20,下降,5006.204527344547,中继,J04,True,4.377130390327011,193
R20,整数秒等待,5006.204527344547,中继,J04,True,4.377130390327011,194
R20,整数秒等待,5007.0,中继,J04,True,4.377130390327011,194
R20,交接,5007.0,中继,J04,True,4.377130390327011,195
R20,交接,5403.0,中继,J04,True,4.377130390327011,195
R20,爬升,5403.0,中继,J04,True,4.377130390327011,196
R20,爬升,5462.990869140625,中继,J04,True,4.436648239963176,196
R20,巡航,5462.990869140625,中继,J04,True,4.436648239963176,197
R20,巡航,5482.493967840864,直连,,False,7.948658063383419,197
R20,巡航,5532.053679482437,直连,,False,9.227004659134437,197
R20,巡航,5559.311563465588,直连,,True,8.526512829121202e-14,197
R20,巡航,5580.44120948069,直连,,True,0.636453012827559,197
R20,巡航,5649.840058041921,直连,,False,12.956147972488523,197
R20,下降,5649.840058041921,直连,,False,12.956147972488523,198
R20,下降,5655.8211506224725,直连,,False,12.958656931817615,198
R20,下降,5716.278644467702,直连,,True,2.9752461695512835,198
R20,整数秒等待,5716.278644467702,直连,,True,2.9752461695512835,199
R20,整数秒等待,5717.0,直连,,True,2.9752461695512835,199
R20,交接,5717.0,直连,,True,2.9752461695512835,200
R20,交接,5933.0,直连,,True,2.9752461695512835,200
R20,爬升,5933.0,直连,,True,2.9752461695512835,201
R20,爬升,5964.503280029297,直连,,True,2.96625704173033,201
R20,巡航,5964.503280029297,直连,,True,2.96625704173033,202
R20,巡航,6007.090371080916,直连,,False,15.20054324647073,202
R20,巡航,6143.321701768671,直连,,False,36.34367342281209,202
R20,巡航,6151.709817815401,直连,,False,38.829450578334075,202
R20,下降,6151.709817815401,直连,,False,38.829450578334075,203
R20,下降,6225.584714221354,直连,,False,68.70650795773517,203
R20,下降,6232.092859147237,直连,,True,47.03163249228426,203
R20,下降,6233.288917852022,直连,,True,45.92517525248826,203
R20,整数秒等待,6233.288917852022,直连,,True,45.92517525248826,204
R20,整数秒等待,6234.0,直连,,True,45.92517525248826,204
R21,爬升,5304.0,直连,,True,45.92517525248826,205
R21,爬升,5304.797372469857,直连,,True,47.03163249228426,205
R21,爬升,5309.136135753778,直连,,False,68.70650795773523,205
R21,爬升,5386.210524495443,直连,,False,34.83936688437511,205
R21,巡航,5386.210524495443,直连,,False,34.83936688437511,206
R21,巡航,5394.559052428268,直连,,False,33.682182353106185,206
R21,巡航,5649.530480480105,直连,,False,10.000000000000497,206
R21,巡航,5714.136557526221,直连,,False,8.099222700448053,206
R21,巡航,5924.818167750721,中继,J04,True,4.763713961383715,206
R21,下降,5924.818167750721,中继,J04,True,4.763713961383715,207
R21,下降,5966.190797145252,中继,J04,True,4.722945684702211,207
R21,整数秒等待,5966.190797145252,中继,J04,True,4.722945684702211,208
R21,整数秒等待,5967.0,中继,J04,True,4.722945684702211,208
R21,交接,5967.0,中继,J04,True,4.722945684702211,209
R21,交接,6207.0,中继,J04,True,4.722945684702211,209
R21,爬升,6207.0,中继,J04,True,4.722945684702211,210
R21,爬升,6241.477191162109,中继,J04,True,4.763713961383715,210
R21,巡航,6241.477191162109,中继,J04,True,4.763713961383715,211
R21,巡航,6246.0,中继,J04,True,4.868048438728337,211
R21,巡航,6247.0,中继,J04,True,4.891035942739023,211
R21,巡航,6452.158801386609,直连,,False,8.099222700448053,211
R21,巡航,6476.0,直连,,False,8.753346533981329,211
R21,巡航,6516.764878432725,直连,,False,10.000000000000497,211
R21,巡航,6531.882675332356,直连,,False,10.511775829721756,211
R21,巡航,6771.736306484562,直连,,False,33.682182353106185,211
R21,巡航,6779.831667110365,直连,,False,34.838147669414695,211
R21,巡航,6780.084834417387,直连,,False,34.83936688437511,211
R21,下降,6780.084834417387,直连,,False,34.83936688437511,212
R21,下降,6877.780616848091,直连,,True,47.03163249228426,212
R21,下降,6878.737463811919,直连,,True,45.92517525248826,212
R21,整数秒等待,6878.737463811919,直连,,True,45.92517525248826,213
R21,整数秒等待,6879.0,直连,,True,45.92517525248826,213
R22,爬升,5354.0,直连,,True,45.92517525248826,214
R22,爬升,5354.797372469857,直连,,True,47.03163249228426,214
R22,爬升,5359.136135753778,直连,,False,68.70650795773523,214
R22,爬升,5436.210524495443,直连,,False,34.83936688437511,214
R22,巡航,5436.210524495443,直连,,False,34.83936688437511,215
R22,巡航,5444.559052428268,直连,,False,33.682182353106185,215
R22,巡航,5699.530480480105,直连,,False,10.000000000000497,215
R22,巡航,5764.136557526221,直连,,False,8.099222700448053,215
R22,巡航,5974.818167750721,中继,J04,True,4.763713961383715,215
R22,下降,5974.818167750721,中继,J04,True,4.763713961383715,216
R22,下降,6016.190797145252,中继,J04,True,4.722945684702211,216
R22,整数秒等待,6016.190797145252,中继,J04,True,4.722945684702211,217
R22,整数秒等待,6017.0,中继,J04,True,4.722945684702211,217
R22,交接,6017.0,中继,J04,True,4.722945684702211,218
R22,交接,6227.0,中继,J04,True,4.722945684702211,218
R22,爬升,6227.0,中继,J04,True,4.722945684702211,219
R22,爬升,6246.0,中继,J04,True,4.74623719640536,219
R22,爬升,6246.299274769215,中继,J04,True,4.746587940670352,219
R22,爬升,6247.0,中继,J04,True,4.747407209527594,219
R22,爬升,6261.477191162109,中继,J06,True,0.023072471002976158,219
R22,巡航,6261.477191162109,中继,J06,True,0.023072471002976158,220
R22,巡航,6472.158801386609,直连,,False,8.099222700448053,220
R22,巡航,6476.0,直连,,False,8.201347071115933,220
R22,巡航,6536.764878432725,直连,,False,10.000000000000497,220
R22,巡航,6551.882675332356,直连,,False,10.511775829721756,220
R22,巡航,6799.831667110365,直连,,False,34.838147669414695,220
R22,巡航,6800.084834417387,直连,,False,34.83936688437511,220
R22,下降,6800.084834417387,直连,,False,34.83936688437511,221
R22,下降,6897.780616848091,直连,,True,47.03163249228426,221
R22,下降,6898.737463811919,直连,,True,45.92517525248826,221
R22,整数秒等待,6898.737463811919,直连,,True,45.92517525248826,222
R22,整数秒等待,6899.0,直连,,True,45.92517525248826,222
