运输架次编号,通信阶段,开始时刻（s）,结束时刻（s）,保障方式,中继架次编号
R01,巡航,804.183735228364,804.183735228364,直连,
R07,巡航,804.0835360193652,804.0835360193652,直连,
R08,巡航,848.2992760129946,848.2992760129946,直连,
R09,巡航,1956.6909683711167,1956.6909683711167,直连,
R10,巡航,2088.139123157355,2088.139123157355,直连,
R11,巡航,2367.1778020252327,2367.1778020252327,直连,
R11,巡航,3510.0,3510.0,中继,J03
R12,巡航,2664.714726592789,2664.714726592789,直连,
R13,巡航,2508.895155354472,2508.895155354472,直连,
R14,巡航,3279.418564993329,3279.418564993329,直连,
R15,巡航,3279.418564993329,3279.418564993329,直连,
R16,巡航,3282.327106020589,3282.327106020589,直连,
R17,巡航,3935.822810717377,3935.822810717377,直连,
R19,巡航,4879.5490748136735,4879.5490748136735,直连,
R20,巡航,4853.632432661607,4853.632432661607,直连,
R20,巡航,5532.053679482437,5532.053679482437,直连,
R21,巡航,5714.136557526221,5714.136557526221,直连,
R21,巡航,6247.0,6247.0,中继,J04
R22,巡航,5764.136557526221,5764.136557526221,直连,
R22,爬升,6247.0,6247.0,中继,J04
