架次编号,机型,无人机,电池,访问顺序,货箱编号,开始秒,返回秒,电池充满秒,质量kg,体积m3,能耗kWh,返航SOC%
R01,B,U05,B-B01,O01→S014→O01,"S014-MED-01,S014-WAT-01,S014-FOD-01",0,1859,3452,25.0,0.067,2.1355334158542574,46.61166460364357
R02,A,U01,A-B01,O01→S006→O01,"S006-WAT-01,S006-FOD-01",0,1314,2206,22.0,0.055,1.3568414897710228,69.84796689397727
R03,A,U02,A-B02,O01→S006→O01,"S006-MED-01,S006-WAT-02",0,1314,2193,17.0,0.039,1.3113663277553689,70.8585260498807
R04,B,U06,B-B02,O01→S006→O01,"S006-WAT-03,S006-HYG-01",0,1208,2368,20.0,0.062,1.137957830143402,71.55105424641495
R05,C,U07,C-B01,O01→S001→O01,"S001-WAT-01,S001-WAT-02,S001-WAT-03,S001-WAT-04,S001-WAT-05,S001-FOD-01",0,1498,3144,78.0,0.163,2.9970588805152376,62.53676399355953
R06,C,U08,C-B02,O01→S001→O01,"S001-MED-01,S001-MED-02,S001-WAT-06,S001-WAT-07,S001-WAT-08,S001-FOD-02,S001-FOD-03,S001-HYG-01,S001-HYG-02",0,1696,3320,76.0,0.231,2.9188599666983333,63.51425041627083
R07,A,U03,A-B03,O01→S010→O01,"S010-WAT-01,S010-FOD-01",0,1649,2733,22.0,0.055,2.0195751393849584,55.12055245811204
R08,A,U04,A-B04,O01→S013→O01,"S013-WAT-01,S013-FOD-01",0,1607,2692,22.0,0.055,2.0231251053892216,55.04166432468396
R09,B,U06,B-B03,O01→S012→O01,"S012-MED-01,S012-WAT-01,S012-FOD-01",1208,3134,4994,25.0,0.067,2.752947602626505,31.17630993433737
R10,A,U01,A-B05,O01→S009→S013→S010→O01,"S009-WAT-01,S013-MED-01,S010-MED-01",1314,3891,5275,20.0,0.051,3.059774306965286,32.00501540077142
R11,C,U07,C-B03,O01→S009→S002→O01,"S009-MED-01,S009-FOD-01,S002-MED-01,S002-WAT-02,S002-WAT-03,S002-WAT-04,S002-FOD-02,S002-HYG-01",1498,3988,6550,70.0,0.196,6.381009134250646,20.237385821866926
R12,C,U08,C-B04,O01→S004→O01,"S004-MED-01,S004-WAT-01,S004-WAT-02,S004-WAT-03,S004-FOD-01,S004-HYG-01",1696,4002,6503,59.0,0.156,6.154566841621964,23.06791447972545
R13,A,U02,A-B06,O01→S002→O01,"S002-WAT-01,S002-FOD-01",1314,3314,4686,22.0,0.055,3.016913614547218,32.95747523228404
R14,A,U03,A-B01,O01→S007→O01,"S007-WAT-02,S007-FOD-01",2206,3917,4985,22.0,0.055,1.963431547775968,56.36818782720072
R15,A,U04,A-B02,O01→S007→O01,"S007-MED-01,S007-WAT-01",2193,3904,4953,17.0,0.039,1.8980839331131043,57.82035704193101
R16,B,U05,B-B02,O01→S003→O01,"S003-MED-01,S003-WAT-01,S003-FOD-01",2368,4433,6302,25.0,0.067,2.77329204524626,30.66769886884349
R17,B,U06,B-B04,O01→S015→O01,"S015-MED-01,S015-WAT-01,S015-FOD-01",3134,4971,6639,25.0,0.067,2.3102237213281125,42.24440696679719
R18,A,U02,A-B03,O01→S011→O01,"S011-WAT-01,S011-FOD-01",3314,4530,5374,22.0,0.055,1.188520279298508,73.58843823781093
R19,C,U07,C-B01,O01→S007→S003→O01,"S007-HYG-01,S003-WAT-02,S003-WAT-03,S003-WAT-04,S003-FOD-02,S003-HYG-01",3988,6603,9047,62.0,0.179,5.944388592179621,25.69514259775474
R20,C,U08,C-B02,O01→S005→S011→O01,"S005-MED-01,S005-WAT-01,S005-WAT-02,S005-WAT-03,S005-FOD-01,S005-HYG-01,S011-MED-01",4002,6234,8275,62.0,0.168,4.457833346454947,44.27708316931316
R21,B,U05,B-B01,O01→S008→O01,"S008-MED-01,S008-WAT-02,S008-FOD-01",4433,6398,8355,25.0,0.067,2.976042412010248,25.598939699743795
R22,B,U06,B-B03,O01→S008→O01,"S008-WAT-01,S008-HYG-01",4994,6899,8764,20.0,0.062,2.7642397302694737,30.89400674326316
