id,route,model,start_s,end_s,relative_start_s,relative_end_s,stage,from_node,to_node,p0_px,p0_py,p0_east,p0_north,p0_z,p1_px,p1_py,p1_east,p1_north,p1_z,direct_ok,direct_margin_lower_db,direct_certificate,direct_sample_start_ok,direct_sample_mid_ok,direct_sample_end_ok
0,R01,B,390.0,542.0380493164063,390.0,542.0380493164063,爬升,O01,S014,713.5661199999887,778.8658000000014,318686.20128461556,2545556.1393129765,127.7,713.5661199999887,778.8658000000014,318686.20128461556,2545556.1393129765,583.8141479492188,True,19.153771649377532,遮挡预算仍通过,True,True,True
1,R01,B,542.0380493164063,903.3427289872984,542.0380493164063,903.3427289872984,巡航,O01,S014,713.5661199999887,778.8658000000014,318686.20128461556,2545556.1393129765,583.8141479492188,903.4477599999673,790.7450799999908,324088.7095661731,2545126.435499959,583.8141479492188,False,-2.7615536539690027,未获全区间证书,True,True,False
2,R01,B,903.3427289872984,996.468388166986,903.3427289872984,996.468388166986,下降,O01,S014,903.4477599999673,790.7450799999908,324088.7095661731,2545126.435499959,583.8141479492188,903.4477599999673,790.7450799999908,324088.7095661731,2545126.435499959,351.0,False,-2.7615536539690027,未获全区间证书,False,False,False
3,R01,B,996.468388166986,997.0,996.468388166986,997.0,整数秒等待,O01,S014,903.4477599999673,790.7450799999908,324088.7095661731,2545126.435499959,351.0,903.4477599999673,790.7450799999908,324088.7095661731,2545126.435499959,351.0,False,-2.7396286931391955,未获全区间证书,False,False,False
4,R01,B,997.0,1237.0,997.0,1237.0,交接,O01,S014,903.4477599999673,790.7450799999908,324088.7095661731,2545126.435499959,351.0,903.4477599999673,790.7450799999908,324088.7095661731,2545126.435499959,351.0,False,-2.7396286931391955,未获全区间证书,False,False,False
5,R01,B,1237.0,1314.604715983073,1237.0,1314.604715983073,爬升,S014,O01,903.4477599999673,790.7450799999908,324088.7095661731,2545126.435499959,351.0,903.4477599999673,790.7450799999908,324088.7095661731,2545126.435499959,583.8141479492188,False,-2.7615536539690027,未获全区间证书,False,False,False
6,R01,B,1314.604715983073,1675.909395653965,1314.604715983073,1675.909395653965,巡航,S014,O01,903.4477599999673,790.7450799999908,324088.7095661731,2545126.435499959,583.8141479492188,713.5661199999887,778.8658000000014,318686.20128461556,2545556.1393129765,583.8141479492188,False,-2.7615536539690027,未获全区间证书,False,True,True
7,R01,B,1675.909395653965,1858.3550548336525,1675.909395653965,1858.3550548336525,下降,S014,O01,713.5661199999887,778.8658000000014,318686.20128461556,2545556.1393129765,583.8141479492188,713.5661199999887,778.8658000000014,318686.20128461556,2545556.1393129765,127.69999999999999,True,19.153771649377532,遮挡预算仍通过,True,True,True
8,R01,B,1858.3550548336525,1859.0,1858.3550548336525,1859.0,整数秒等待,S014,O01,713.5661199999887,778.8658000000014,318686.20128461556,2545556.1393129765,127.7,713.5661199999887,778.8658000000014,318686.20128461556,2545556.1393129765,127.7,True,45.92517525248826,遮挡预算仍通过,True,True,True
9,R02,A,360.0,439.3622578938802,360.0,439.3622578938802,爬升,O01,S006,713.5661199999887,778.8658000000014,318686.20128461556,2545556.1393129765,127.7,713.5661199999887,778.8658000000014,318686.20128461556,2545556.1393129765,365.7867736816406,True,25.173188611759926,遮挡预算仍通过,True,True,True
10,R02,A,439.3622578938802,704.8831423356175,439.3622578938802,704.8831423356175,巡航,O01,S006,713.5661199999887,778.8658000000014,318686.20128461556,2545556.1393129765,365.7867736816406,601.7209599999914,781.7295999999972,315500.3321692017,2545506.834645732,365.7867736816406,True,1.859877845445311,遮挡预算仍通过,True,True,True
11,R02,A,704.8831423356175,725.2778518082738,704.8831423356175,725.2778518082738,下降,O01,S006,601.7209599999914,781.7295999999972,315500.3321692017,2545506.834645732,365.7867736816406,601.7209599999914,781.7295999999972,315500.3321692017,2545506.834645732,314.8,True,1.859877845445311,遮挡预算仍通过,True,True,True
12,R02,A,725.2778518082738,726.0,725.2778518082738,726.0,整数秒等待,O01,S006,601.7209599999914,781.7295999999972,315500.3321692017,2545506.834645732,314.8,601.7209599999914,781.7295999999972,315500.3321692017,2545506.834645732,314.8,True,1.8682481628298007,遮挡预算仍通过,True,True,True
13,R02,A,726.0,936.0,726.0,936.0,交接,O01,S006,601.7209599999914,781.7295999999972,315500.3321692017,2545506.834645732,314.8,601.7209599999914,781.7295999999972,315500.3321692017,2545506.834645732,314.8,True,1.8682481628298007,遮挡预算仍通过,True,True,True
14,R02,A,936.0,952.9955912272135,936.0,952.9955912272135,爬升,S006,O01,601.7209599999914,781.7295999999972,315500.3321692017,2545506.834645732,314.8,601.7209599999914,781.7295999999972,315500.3321692017,2545506.834645732,365.7867736816406,True,1.859877845445311,遮挡预算仍通过,True,True,True
15,R02,A,952.9955912272135,1218.5164756689508,952.9955912272135,1218.5164756689508,巡航,S006,O01,601.7209599999914,781.7295999999972,315500.3321692017,2545506.834645732,365.7867736816406,713.5661199999887,778.8658000000014,318686.20128461556,2545556.1393129765,365.7867736816406,True,1.859877845445311,遮挡预算仍通过,True,True,True
16,R02,A,1218.5164756689508,1313.751185141607,1218.5164756689508,1313.751185141607,下降,S006,O01,713.5661199999887,778.8658000000014,318686.20128461556,2545556.1393129765,365.7867736816406,713.5661199999887,778.8658000000014,318686.20128461556,2545556.1393129765,127.69999999999999,True,25.173188611759926,遮挡预算仍通过,True,True,True
17,R02,A,1313.751185141607,1314.0,1313.751185141607,1314.0,整数秒等待,S006,O01,713.5661199999887,778.8658000000014,318686.20128461556,2545556.1393129765,127.7,713.5661199999887,778.8658000000014,318686.20128461556,2545556.1393129765,127.7,True,45.92517525248826,遮挡预算仍通过,True,True,True
18,R03,A,360.0,439.3622578938802,360.0,439.3622578938802,爬升,O01,S006,713.5661199999887,778.8658000000014,318686.20128461556,2545556.1393129765,127.7,713.5661199999887,778.8658000000014,318686.20128461556,2545556.1393129765,365.7867736816406,True,25.173188611759926,遮挡预算仍通过,True,True,True
19,R03,A,439.3622578938802,704.8831423356175,439.3622578938802,704.8831423356175,巡航,O01,S006,713.5661199999887,778.8658000000014,318686.20128461556,2545556.1393129765,365.7867736816406,601.7209599999914,781.7295999999972,315500.3321692017,2545506.834645732,365.7867736816406,True,1.859877845445311,遮挡预算仍通过,True,True,True
20,R03,A,704.8831423356175,725.2778518082738,704.8831423356175,725.2778518082738,下降,O01,S006,601.7209599999914,781.7295999999972,315500.3321692017,2545506.834645732,365.7867736816406,601.7209599999914,781.7295999999972,315500.3321692017,2545506.834645732,314.8,True,1.859877845445311,遮挡预算仍通过,True,True,True
21,R03,A,725.2778518082738,726.0,725.2778518082738,726.0,整数秒等待,O01,S006,601.7209599999914,781.7295999999972,315500.3321692017,2545506.834645732,314.8,601.7209599999914,781.7295999999972,315500.3321692017,2545506.834645732,314.8,True,1.8682481628298007,遮挡预算仍通过,True,True,True
22,R03,A,726.0,936.0,726.0,936.0,交接,O01,S006,601.7209599999914,781.7295999999972,315500.3321692017,2545506.834645732,314.8,601.7209599999914,781.7295999999972,315500.3321692017,2545506.834645732,314.8,True,1.8682481628298007,遮挡预算仍通过,True,True,True
23,R03,A,936.0,952.9955912272135,936.0,952.9955912272135,爬升,S006,O01,601.7209599999914,781.7295999999972,315500.3321692017,2545506.834645732,314.8,601.7209599999914,781.7295999999972,315500.3321692017,2545506.834645732,365.7867736816406,True,1.859877845445311,遮挡预算仍通过,True,True,True
24,R03,A,952.9955912272135,1218.5164756689508,952.9955912272135,1218.5164756689508,巡航,S006,O01,601.7209599999914,781.7295999999972,315500.3321692017,2545506.834645732,365.7867736816406,713.5661199999887,778.8658000000014,318686.20128461556,2545556.1393129765,365.7867736816406,True,1.859877845445311,遮挡预算仍通过,True,True,True
25,R03,A,1218.5164756689508,1313.751185141607,1218.5164756689508,1313.751185141607,下降,S006,O01,713.5661199999887,778.8658000000014,318686.20128461556,2545556.1393129765,365.7867736816406,713.5661199999887,778.8658000000014,318686.20128461556,2545556.1393129765,127.69999999999999,True,25.173188611759926,遮挡预算仍通过,True,True,True
26,R03,A,1313.751185141607,1314.0,1313.751185141607,1314.0,整数秒等待,S006,O01,713.5661199999887,778.8658000000014,318686.20128461556,2545556.1393129765,127.7,713.5661199999887,778.8658000000014,318686.20128461556,2545556.1393129765,127.7,True,45.92517525248826,遮挡预算仍通过,True,True,True
27,R04,B,360.0,439.3622578938802,360.0,439.3622578938802,爬升,O01,S006,713.5661199999887,778.8658000000014,318686.20128461556,2545556.1393129765,127.7,713.5661199999887,778.8658000000014,318686.20128461556,2545556.1393129765,365.7867736816406,True,25.173188611759926,遮挡预算仍通过,True,True,True
28,R04,B,439.3622578938802,651.7789654472701,439.3622578938802,651.7789654472701,巡航,O01,S006,713.5661199999887,778.8658000000014,318686.20128461556,2545556.1393129765,365.7867736816406,601.7209599999914,781.7295999999972,315500.3321692017,2545506.834645732,365.7867736816406,True,1.859877845445311,遮挡预算仍通过,True,True,True
29,R04,B,651.7789654472701,672.1736749199264,651.7789654472701,672.1736749199264,下降,O01,S006,601.7209599999914,781.7295999999972,315500.3321692017,2545506.834645732,365.7867736816406,601.7209599999914,781.7295999999972,315500.3321692017,2545506.834645732,314.8,True,1.859877845445311,遮挡预算仍通过,True,True,True
30,R04,B,672.1736749199264,673.0,672.1736749199264,673.0,整数秒等待,O01,S006,601.7209599999914,781.7295999999972,315500.3321692017,2545506.834645732,314.8,601.7209599999914,781.7295999999972,315500.3321692017,2545506.834645732,314.8,True,1.8682481628298007,遮挡预算仍通过,True,True,True
31,R04,B,673.0,883.0,673.0,883.0,交接,O01,S006,601.7209599999914,781.7295999999972,315500.3321692017,2545506.834645732,314.8,601.7209599999914,781.7295999999972,315500.3321692017,2545506.834645732,314.8,True,1.8682481628298007,遮挡预算仍通过,True,True,True
32,R04,B,883.0,899.9955912272135,883.0,899.9955912272135,爬升,S006,O01,601.7209599999914,781.7295999999972,315500.3321692017,2545506.834645732,314.8,601.7209599999914,781.7295999999972,315500.3321692017,2545506.834645732,365.7867736816406,True,1.859877845445311,遮挡预算仍通过,True,True,True
33,R04,B,899.9955912272135,1112.4122987806034,899.9955912272135,1112.4122987806034,巡航,S006,O01,601.7209599999914,781.7295999999972,315500.3321692017,2545506.834645732,365.7867736816406,713.5661199999887,778.8658000000014,318686.20128461556,2545556.1393129765,365.7867736816406,True,1.859877845445311,遮挡预算仍通过,True,True,True
34,R04,B,1112.4122987806034,1207.6470082532596,1112.4122987806034,1207.6470082532596,下降,S006,O01,713.5661199999887,778.8658000000014,318686.20128461556,2545556.1393129765,365.7867736816406,713.5661199999887,778.8658000000014,318686.20128461556,2545556.1393129765,127.69999999999999,True,25.173188611759926,遮挡预算仍通过,True,True,True
35,R04,B,1207.6470082532596,1208.0,1207.6470082532596,1208.0,整数秒等待,S006,O01,713.5661199999887,778.8658000000014,318686.20128461556,2545556.1393129765,127.7,713.5661199999887,778.8658000000014,318686.20128461556,2545556.1393129765,127.7,True,45.92517525248826,遮挡预算仍通过,True,True,True
36,R05,C,480.0,538.7815112304687,480.0,538.7815112304687,爬升,O01,S001,713.5661199999887,778.8658000000014,318686.20128461556,2545556.1393129765,127.7,713.5661199999887,778.8658000000014,318686.20128461556,2545556.1393129765,274.6537780761719,True,29.872862570321587,遮挡预算仍通过,True,True,True
37,R05,C,538.7815112304687,742.3807580759678,538.7815112304687,742.3807580759678,巡航,O01,S001,713.5661199999887,778.8658000000014,318686.20128461556,2545556.1393129765,274.6537780761719,758.1348399999731,688.5662799999978,319988.5998724001,2548318.4942710963,274.6537780761719,True,2.240928291478639,遮挡预算仍通过,True,True,True
38,R05,C,742.3807580759678,787.7076471140538,742.3807580759678,787.7076471140538,下降,O01,S001,758.1348399999731,688.5662799999978,319988.5998724001,2548318.4942710963,274.6537780761719,758.1348399999731,688.5662799999978,319988.5998724001,2548318.4942710963,184.0,True,2.240928291478639,遮挡预算仍通过,True,True,True
39,R05,C,787.7076471140538,788.0,787.7076471140538,788.0,整数秒等待,O01,S001,758.1348399999731,688.5662799999978,319988.5998724001,2548318.4942710963,184.0,758.1348399999731,688.5662799999978,319988.5998724001,2548318.4942710963,184.0,True,2.247813117477804,遮挡预算仍通过,True,True,True
40,R05,C,788.0,1184.0,788.0,1184.0,交接,O01,S001,758.1348399999731,688.5662799999978,319988.5998724001,2548318.4942710963,184.0,758.1348399999731,688.5662799999978,319988.5998724001,2548318.4942710963,184.0,True,2.247813117477804,遮挡预算仍通过,True,True,True
41,R05,C,1184.0,1220.2615112304688,1184.0,1220.2615112304688,爬升,S001,O01,758.1348399999731,688.5662799999978,319988.5998724001,2548318.4942710963,184.0,758.1348399999731,688.5662799999978,319988.5998724001,2548318.4942710963,274.6537780761719,True,2.240928291478639,遮挡预算仍通过,True,True,True
42,R05,C,1220.2615112304688,1423.860758075968,1220.2615112304688,1423.860758075968,巡航,S001,O01,758.1348399999731,688.5662799999978,319988.5998724001,2548318.4942710963,274.6537780761719,713.5661199999887,778.8658000000014,318686.20128461556,2545556.1393129765,274.6537780761719,True,2.240928291478639,遮挡预算仍通过,True,True,True
43,R05,C,1423.860758075968,1497.337647114054,1423.860758075968,1497.337647114054,下降,S001,O01,713.5661199999887,778.8658000000014,318686.20128461556,2545556.1393129765,274.6537780761719,713.5661199999887,778.8658000000014,318686.20128461556,2545556.1393129765,127.69999999999999,True,29.872862570321587,遮挡预算仍通过,True,True,True
44,R05,C,1497.337647114054,1498.0,1497.337647114054,1498.0,整数秒等待,S001,O01,713.5661199999887,778.8658000000014,318686.20128461556,2545556.1393129765,127.7,713.5661199999887,778.8658000000014,318686.20128461556,2545556.1393129765,127.7,True,45.92517525248826,遮挡预算仍通过,True,True,True
45,R06,C,570.0,628.7815112304687,570.0,628.7815112304687,爬升,O01,S001,713.5661199999887,778.8658000000014,318686.20128461556,2545556.1393129765,127.7,713.5661199999887,778.8658000000014,318686.20128461556,2545556.1393129765,274.6537780761719,True,29.872862570321587,遮挡预算仍通过,True,True,True
46,R06,C,628.7815112304687,832.3807580759678,628.7815112304687,832.3807580759678,巡航,O01,S001,713.5661199999887,778.8658000000014,318686.20128461556,2545556.1393129765,274.6537780761719,758.1348399999731,688.5662799999978,319988.5998724001,2548318.4942710963,274.6537780761719,True,2.240928291478639,遮挡预算仍通过,True,True,True
47,R06,C,832.3807580759678,877.7076471140538,832.3807580759678,877.7076471140538,下降,O01,S001,758.1348399999731,688.5662799999978,319988.5998724001,2548318.4942710963,274.6537780761719,758.1348399999731,688.5662799999978,319988.5998724001,2548318.4942710963,184.0,True,2.240928291478639,遮挡预算仍通过,True,True,True
48,R06,C,877.7076471140538,878.0,877.7076471140538,878.0,整数秒等待,O01,S001,758.1348399999731,688.5662799999978,319988.5998724001,2548318.4942710963,184.0,758.1348399999731,688.5662799999978,319988.5998724001,2548318.4942710963,184.0,True,2.247813117477804,遮挡预算仍通过,True,True,True
49,R06,C,878.0,1382.0,878.0,1382.0,交接,O01,S001,758.1348399999731,688.5662799999978,319988.5998724001,2548318.4942710963,184.0,758.1348399999731,688.5662799999978,319988.5998724001,2548318.4942710963,184.0,True,2.247813117477804,遮挡预算仍通过,True,True,True
50,R06,C,1382.0,1418.2615112304688,1382.0,1418.2615112304688,爬升,S001,O01,758.1348399999731,688.5662799999978,319988.5998724001,2548318.4942710963,184.0,758.1348399999731,688.5662799999978,319988.5998724001,2548318.4942710963,274.6537780761719,True,2.240928291478639,遮挡预算仍通过,True,True,True
51,R06,C,1418.2615112304688,1621.860758075968,1418.2615112304688,1621.860758075968,巡航,S001,O01,758.1348399999731,688.5662799999978,319988.5998724001,2548318.4942710963,274.6537780761719,713.5661199999887,778.8658000000014,318686.20128461556,2545556.1393129765,274.6537780761719,True,2.240928291478639,遮挡预算仍通过,True,True,True
52,R06,C,1621.860758075968,1695.337647114054,1621.860758075968,1695.337647114054,下降,S001,O01,713.5661199999887,778.8658000000014,318686.20128461556,2545556.1393129765,274.6537780761719,713.5661199999887,778.8658000000014,318686.20128461556,2545556.1393129765,127.69999999999999,True,29.872862570321587,遮挡预算仍通过,True,True,True
53,R06,C,1695.337647114054,1696.0,1695.337647114054,1696.0,整数秒等待,S001,O01,713.5661199999887,778.8658000000014,318686.20128461556,2545556.1393129765,127.7,713.5661199999887,778.8658000000014,318686.20128461556,2545556.1393129765,127.7,True,45.92517525248826,遮挡预算仍通过,True,True,True
54,R07,A,374.0,475.24110310872396,360.0,461.24110310872396,爬升,O01,S010,713.5661199999887,778.8658000000014,318686.20128461556,2545556.1393129765,127.7,713.5661199999887,778.8658000000014,318686.20128461556,2545556.1393129765,431.4233093261719,True,22.887874830119486,遮挡预算仍通过,True,True,True
55,R07,A,475.24110310872396,873.9473428019653,461.24110310872396,859.9473428019653,巡航,O01,S010,713.5661199999887,778.8658000000014,318686.20128461556,2545556.1393129765,431.4233093261719,876.1604799999596,739.6567599999942,323330.19537213724,2546707.016698796,431.4233093261719,False,-1.6661559590651933,未获全区间证书,True,True,False
56,R07,A,873.9473428019653,905.876666532434,859.9473428019653,891.876666532434,下降,O01,S010,876.1604799999596,739.6567599999942,323330.19537213724,2546707.016698796,431.4233093261719,876.1604799999596,739.6567599999942,323330.19537213724,2546707.016698796,351.6,False,-1.6661559590651933,未获全区间证书,False,False,False
57,R07,A,905.876666532434,906.0,891.876666532434,892.0,整数秒等待,O01,S010,876.1604799999596,739.6567599999942,323330.19537213724,2546707.016698796,351.6,876.1604799999596,739.6567599999942,323330.19537213724,2546707.016698796,351.6,False,-1.6587909449435472,未获全区间证书,False,False,False
58,R07,A,906.0,1116.0,892.0,1102.0,交接,O01,S010,876.1604799999596,739.6567599999942,323330.19537213724,2546707.016698796,351.6,876.1604799999596,739.6567599999942,323330.19537213724,2546707.016698796,351.6,False,-1.6587909449435472,未获全区间证书,False,False,False
59,R07,A,1116.0,1142.6077697753906,1102.0,1128.6077697753906,爬升,S010,O01,876.1604799999596,739.6567599999942,323330.19537213724,2546707.016698796,351.6,876.1604799999596,739.6567599999942,323330.19537213724,2546707.016698796,431.4233093261719,False,-1.6661559590651933,未获全区间证书,False,False,False
60,R07,A,1142.6077697753906,1541.3140094686319,1128.6077697753906,1527.3140094686319,巡航,S010,O01,876.1604799999596,739.6567599999942,323330.19537213724,2546707.016698796,431.4233093261719,713.5661199999887,778.8658000000014,318686.20128461556,2545556.1393129765,431.4233093261719,False,-1.6661559590651933,未获全区间证书,False,True,True
61,R07,A,1541.3140094686319,1662.8033331991005,1527.3140094686319,1648.8033331991005,下降,S010,O01,713.5661199999887,778.8658000000014,318686.20128461556,2545556.1393129765,431.4233093261719,713.5661199999887,778.8658000000014,318686.20128461556,2545556.1393129765,127.69999999999999,True,22.887874830119486,遮挡预算仍通过,True,True,True
62,R07,A,1662.8033331991005,1663.0,1648.8033331991005,1649.0,整数秒等待,S010,O01,713.5661199999887,778.8658000000014,318686.20128461556,2545556.1393129765,127.7,713.5661199999887,778.8658000000014,318686.20128461556,2545556.1393129765,127.7,True,45.92517525248826,遮挡预算仍通过,True,True,True
63,R08,A,430.0,519.2551106770834,360.0,449.2551106770834,爬升,O01,S013,713.5661199999887,778.8658000000014,318686.20128461556,2545556.1393129765,127.7,713.5661199999887,778.8658000000014,318686.20128461556,2545556.1393129765,395.46533203125,True,24.064964392184308,遮挡预算仍通过,True,True,True
64,R08,A,519.2551106770834,923.3573641125467,449.2551106770834,853.3573641125467,巡航,O01,S013,713.5661199999887,778.8658000000014,318686.20128461556,2545556.1393129765,395.46533203125,859.4820399999952,697.5824799999999,322870.6029592571,2548006.809736067,395.46533203125,False,-1.7789980067434072,未获全区间证书,True,True,False
65,R08,A,923.3573641125467,940.8634969250468,853.3573641125467,870.8634969250468,下降,O01,S013,859.4820399999952,697.5824799999999,322870.6029592571,2548006.809736067,395.46533203125,859.4820399999952,697.5824799999999,322870.6029592571,2548006.809736067,351.7,False,-1.7789980067434072,未获全区间证书,False,False,False
66,R08,A,940.8634969250468,941.0,870.8634969250468,871.0,整数秒等待,O01,S013,859.4820399999952,697.5824799999999,322870.6029592571,2548006.809736067,351.7,859.4820399999952,697.5824799999999,322870.6029592571,2548006.809736067,351.7,False,-1.7753543933466034,未获全区间证书,False,False,False
67,R08,A,941.0,1151.0,871.0,1081.0,交接,O01,S013,859.4820399999952,697.5824799999999,322870.6029592571,2548006.809736067,351.7,859.4820399999952,697.5824799999999,322870.6029592571,2548006.809736067,351.7,False,-1.7753543933466034,未获全区间证书,False,False,False
68,R08,A,1151.0,1165.5884440104167,1081.0,1095.5884440104167,爬升,S013,O01,859.4820399999952,697.5824799999999,322870.6029592571,2548006.809736067,351.7,859.4820399999952,697.5824799999999,322870.6029592571,2548006.809736067,395.46533203125,False,-1.7789980067434072,未获全区间证书,False,False,False
69,R08,A,1165.5884440104167,1569.69069744588,1095.5884440104167,1499.69069744588,巡航,S013,O01,859.4820399999952,697.5824799999999,322870.6029592571,2548006.809736067,395.46533203125,713.5661199999887,778.8658000000014,318686.20128461556,2545556.1393129765,395.46533203125,False,-1.7789980067434072,未获全区间证书,False,True,True
70,R08,A,1569.69069744588,1676.79683025838,1499.69069744588,1606.79683025838,下降,S013,O01,713.5661199999887,778.8658000000014,318686.20128461556,2545556.1393129765,395.46533203125,713.5661199999887,778.8658000000014,318686.20128461556,2545556.1393129765,127.69999999999999,True,24.064964392184308,遮挡预算仍通过,True,True,True
71,R08,A,1676.79683025838,1677.0,1606.79683025838,1607.0,整数秒等待,S013,O01,713.5661199999887,778.8658000000014,318686.20128461556,2545556.1393129765,127.7,713.5661199999887,778.8658000000014,318686.20128461556,2545556.1393129765,127.7,True,45.92517525248826,遮挡预算仍通过,True,True,True
72,R09,B,1598.0,1693.537489827474,390.0,485.537489827474,爬升,O01,S012,713.5661199999887,778.8658000000014,318686.20128461556,2545556.1393129765,127.7,713.5661199999887,778.8658000000014,318686.20128461556,2545556.1393129765,414.3124694824219,True,23.428166015091335,遮挡预算仍通过,True,True,True
73,R09,B,1693.537489827474,2186.23403824536,485.537489827474,978.2340382453599,巡航,O01,S012,713.5661199999887,778.8658000000014,318686.20128461556,2545556.1393129765,414.3124694824219,901.7885199999921,613.4295999999994,324105.41923832323,2550581.156900544,414.3124694824219,False,-5.433288757187867,未获全区间证书,True,True,False
74,R09,B,2186.23403824536,2240.0390260383288,978.2340382453599,1032.0390260383288,下降,O01,S012,901.7885199999921,613.4295999999994,324105.41923832323,2550581.156900544,414.3124694824219,901.7885199999921,613.4295999999994,324105.41923832323,2550581.156900544,279.8,False,-5.433288757187867,未获全区间证书,False,False,False
75,R09,B,2240.0390260383288,2241.0,1032.0390260383288,1033.0,整数秒等待,O01,S012,901.7885199999921,613.4295999999994,324105.41923832323,2550581.156900544,279.8,901.7885199999921,613.4295999999994,324105.41923832323,2550581.156900544,279.8,False,-5.429027739701169,未获全区间证书,False,False,False
76,R09,B,2241.0,2481.0,1033.0,1273.0,交接,O01,S012,901.7885199999921,613.4295999999994,324105.41923832323,2550581.156900544,279.8,901.7885199999921,613.4295999999994,324105.41923832323,2550581.156900544,279.8,False,-5.429027739701169,未获全区间证书,False,False,False
77,R09,B,2481.0,2525.8374898274737,1273.0,1317.8374898274737,爬升,S012,O01,901.7885199999921,613.4295999999994,324105.41923832323,2550581.156900544,279.8,901.7885199999921,613.4295999999994,324105.41923832323,2550581.156900544,414.3124694824219,False,-5.433288757187867,未获全区间证书,False,False,False
78,R09,B,2525.8374898274737,3018.5340382453596,1317.8374898274737,1810.5340382453596,巡航,S012,O01,901.7885199999921,613.4295999999994,324105.41923832323,2550581.156900544,414.3124694824219,713.5661199999887,778.8658000000014,318686.20128461556,2545556.1393129765,414.3124694824219,False,-5.433288757187867,未获全区间证书,False,True,True
79,R09,B,3018.5340382453596,3133.179026038328,1810.5340382453596,1925.1790260383282,下降,S012,O01,713.5661199999887,778.8658000000014,318686.20128461556,2545556.1393129765,414.3124694824219,713.5661199999887,778.8658000000014,318686.20128461556,2545556.1393129765,127.69999999999999,True,23.428166015091335,遮挡预算仍通过,True,True,True
80,R09,B,3133.179026038328,3134.0,1925.1790260383282,1926.0,整数秒等待,S012,O01,713.5661199999887,778.8658000000014,318686.20128461556,2545556.1393129765,127.7,713.5661199999887,778.8658000000014,318686.20128461556,2545556.1393129765,127.7,True,45.92517525248826,遮挡预算仍通过,True,True,True
81,R10,A,1704.0,1758.6662587483725,390.0,444.66625874837246,爬升,O01,S009,713.5661199999887,778.8658000000014,318686.20128461556,2545556.1393129765,127.7,713.5661199999887,778.8658000000014,318686.20128461556,2545556.1393129765,291.6987762451172,True,28.77859913945332,遮挡预算仍通过,True,True,True
82,R10,A,1758.6662587483725,2234.0953270520818,444.66625874837246,920.0953270520818,巡航,O01,S009,713.5661199999887,778.8658000000014,318686.20128461556,2545556.1393129765,291.6987762451172,797.4126400000042,610.4239599999959,321135.4917701691,2550708.7793325847,291.6987762451172,False,-3.1823302415717905,未获全区间证书,True,True,False
83,R10,A,2234.0953270520818,2258.7748375501287,920.0953270520818,944.7748375501287,下降,O01,S009,797.4126400000042,610.4239599999959,321135.4917701691,2550708.7793325847,291.6987762451172,797.4126400000042,610.4239599999959,321135.4917701691,2550708.7793325847,230.0,False,-3.1823302415717905,未获全区间证书,False,False,False
84,R10,A,2258.7748375501287,2259.0,944.7748375501287,945.0,整数秒等待,O01,S009,797.4126400000042,610.4239599999959,321135.4917701691,2550708.7793325847,230.0,797.4126400000042,610.4239599999959,321135.4917701691,2550708.7793325847,230.0,False,-3.1804680445287943,未获全区间证书,False,False,False
85,R10,A,2259.0,2439.0,945.0,1125.0,交接,O01,S009,797.4126400000042,610.4239599999959,321135.4917701691,2550708.7793325847,230.0,797.4126400000042,610.4239599999959,321135.4917701691,2550708.7793325847,230.0,False,-3.1804680445287943,未获全区间证书,False,False,False
86,R10,A,2439.0,2486.672434488932,1125.0,1172.6724344889321,爬升,S009,S013,797.4126400000042,610.4239599999959,321135.4917701691,2550708.7793325847,230.0,797.4126400000042,610.4239599999959,321135.4917701691,2550708.7793325847,373.0173034667969,False,-3.1863330180374305,未获全区间证书,False,False,False
87,R10,A,2486.672434488932,2754.2652343189434,1172.6724344889321,1440.2652343189434,巡航,S009,S013,797.4126400000042,610.4239599999959,321135.4917701691,2550708.7793325847,373.0173034667969,859.4820399999952,697.5824799999999,322870.6029592571,2548006.809736067,373.0173034667969,False,-3.1863330180374305,未获全区间证书,False,False,False
88,R10,A,2754.2652343189434,2762.792155705662,1440.2652343189434,1448.792155705662,下降,S009,S013,859.4820399999952,697.5824799999999,322870.6029592571,2548006.809736067,373.0173034667969,859.4820399999952,697.5824799999999,322870.6029592571,2548006.809736067,351.7,False,-1.7770413256965156,未获全区间证书,False,False,False
89,R10,A,2762.792155705662,2763.0,1448.792155705662,1449.0,整数秒等待,S009,S013,859.4820399999952,697.5824799999999,322870.6029592571,2548006.809736067,351.7,859.4820399999952,697.5824799999999,322870.6029592571,2548006.809736067,351.7,False,-1.7753543933466034,未获全区间证书,False,False,False
90,R10,A,2763.0,2943.0,1449.0,1629.0,交接,S009,S013,859.4820399999952,697.5824799999999,322870.6029592571,2548006.809736067,351.7,859.4820399999952,697.5824799999999,322870.6029592571,2548006.809736067,351.7,False,-1.7753543933466034,未获全区间证书,False,False,False
91,R10,A,2943.0,2991.1213521321615,1629.0,1677.1213521321615,爬升,S013,S010,859.4820399999952,697.5824799999999,322870.6029592571,2548006.809736067,351.7,859.4820399999952,697.5824799999999,322870.6029592571,2548006.809736067,496.0640563964844,False,-1.7900308701233882,未获全区间证书,False,False,False
92,R10,A,2991.1213521321615,3106.0091937465036,1677.1213521321615,1792.0091937465036,巡航,S013,S010,859.4820399999952,697.5824799999999,322870.6029592571,2548006.809736067,496.0640563964844,876.1604799999596,739.6567599999942,323330.19537213724,2546707.016698796,496.0640563964844,False,-1.7900308701233882,未获全区间证书,False,False,False
93,R10,A,3106.0091937465036,3163.7948163050974,1792.0091937465036,1849.7948163050974,下降,S013,S010,876.1604799999596,739.6567599999942,323330.19537213724,2546707.016698796,496.0640563964844,876.1604799999596,739.6567599999942,323330.19537213724,2546707.016698796,351.6,False,-1.6738736739895472,未获全区间证书,False,False,False
94,R10,A,3163.7948163050974,3164.0,1849.7948163050974,1850.0,整数秒等待,S013,S010,876.1604799999596,739.6567599999942,323330.19537213724,2546707.016698796,351.6,876.1604799999596,739.6567599999942,323330.19537213724,2546707.016698796,351.6,False,-1.6587909449435472,未获全区间证书,False,False,False
95,R10,A,3164.0,3344.0,1850.0,2030.0,交接,S013,S010,876.1604799999596,739.6567599999942,323330.19537213724,2546707.016698796,351.6,876.1604799999596,739.6567599999942,323330.19537213724,2546707.016698796,351.6,False,-1.6587909449435472,未获全区间证书,False,False,False
96,R10,A,3344.0,3370.607769775391,2030.0,2056.607769775391,爬升,S010,O01,876.1604799999596,739.6567599999942,323330.19537213724,2546707.016698796,351.6,876.1604799999596,739.6567599999942,323330.19537213724,2546707.016698796,431.4233093261719,False,-1.6661559590651933,未获全区间证书,False,False,False
97,R10,A,3370.607769775391,3769.3140094686323,2056.607769775391,2455.3140094686323,巡航,S010,O01,876.1604799999596,739.6567599999942,323330.19537213724,2546707.016698796,431.4233093261719,713.5661199999887,778.8658000000014,318686.20128461556,2545556.1393129765,431.4233093261719,False,-1.6661559590651933,未获全区间证书,False,True,True
98,R10,A,3769.3140094686323,3890.803333199101,2455.3140094686323,2576.803333199101,下降,S010,O01,713.5661199999887,778.8658000000014,318686.20128461556,2545556.1393129765,431.4233093261719,713.5661199999887,778.8658000000014,318686.20128461556,2545556.1393129765,127.69999999999999,True,22.887874830119486,遮挡预算仍通过,True,True,True
99,R10,A,3890.803333199101,3891.0,2576.803333199101,2577.0,整数秒等待,S010,O01,713.5661199999887,778.8658000000014,318686.20128461556,2545556.1393129765,127.7,713.5661199999887,778.8658000000014,318686.20128461556,2545556.1393129765,127.7,True,45.92517525248826,遮挡预算仍通过,True,True,True
100,R11,C,2038.0,2103.599510498047,540.0,605.599510498047,爬升,O01,S009,713.5661199999887,778.8658000000014,318686.20128461556,2545556.1393129765,127.7,713.5661199999887,778.8658000000014,318686.20128461556,2545556.1393129765,291.6987762451172,True,28.77859913945332,遮挡预算仍通过,True,True,True
101,R11,C,2103.599510498047,2483.942765141014,605.599510498047,985.9427651410142,巡航,O01,S009,713.5661199999887,778.8658000000014,318686.20128461556,2545556.1393129765,291.6987762451172,797.4126400000042,610.4239599999959,321135.4917701691,2550708.7793325847,291.6987762451172,False,-3.1823302415717905,未获全区间证书,True,True,False
102,R11,C,2483.942765141014,2514.792153263573,985.9427651410142,1016.7921532635728,下降,O01,S009,797.4126400000042,610.4239599999959,321135.4917701691,2550708.7793325847,291.6987762451172,797.4126400000042,610.4239599999959,321135.4917701691,2550708.7793325847,230.0,False,-3.1823302415717905,未获全区间证书,False,False,False
103,R11,C,2514.792153263573,2515.0,1016.7921532635728,1017.0,整数秒等待,O01,S009,797.4126400000042,610.4239599999959,321135.4917701691,2550708.7793325847,230.0,797.4126400000042,610.4239599999959,321135.4917701691,2550708.7793325847,230.0,False,-3.1804680445287943,未获全区间证书,False,False,False
104,R11,C,2515.0,2767.0,1017.0,1269.0,交接,O01,S009,797.4126400000042,610.4239599999959,321135.4917701691,2550708.7793325847,230.0,797.4126400000042,610.4239599999959,321135.4917701691,2550708.7793325847,230.0,False,-3.1804680445287943,未获全区间证书,False,False,False
105,R11,C,2767.0,2805.4684936523436,1269.0,1307.4684936523436,爬升,S009,S002,797.4126400000042,610.4239599999959,321135.4917701691,2550708.7793325847,230.0,797.4126400000042,610.4239599999959,321135.4917701691,2550708.7793325847,326.1712341308594,False,-3.1838122860837785,未获全区间证书,False,False,False
106,R11,C,2805.4684936523436,2920.4376393493526,1307.4684936523436,1422.4376393493526,巡航,S009,S002,797.4126400000042,610.4239599999959,321135.4917701691,2550708.7793325847,326.1712341308594,813.2868399999835,556.3224399999968,321607.16649195924,2552367.5594448484,326.1712341308594,False,-5.454639442045561,未获全区间证书,False,False,False
107,R11,C,2920.4376393493526,2973.7732564147823,1422.4376393493526,1475.7732564147823,下降,S009,S002,813.2868399999835,556.3224399999968,321607.16649195924,2552367.5594448484,326.1712341308594,813.2868399999835,556.3224399999968,321607.16649195924,2552367.5594448484,219.5,False,-5.454639442045561,未获全区间证书,False,False,False
108,R11,C,2973.7732564147823,2974.0,1475.7732564147823,1476.0,整数秒等待,S009,S002,813.2868399999835,556.3224399999968,321607.16649195924,2552367.5594448484,219.5,813.2868399999835,556.3224399999968,321607.16649195924,2552367.5594448484,219.5,False,-5.452529324702368,未获全区间证书,False,False,False
109,R11,C,2974.0,3370.0,1476.0,1872.0,交接,S009,S002,813.2868399999835,556.3224399999968,321607.16649195924,2552367.5594448484,219.5,813.2868399999835,556.3224399999968,321607.16649195924,2552367.5594448484,219.5,False,-5.452529324702368,未获全区间证书,False,False,False
110,R11,C,3370.0,3404.641845703125,1872.0,1906.641845703125,爬升,S002,O01,813.2868399999835,556.3224399999968,321607.16649195924,2552367.5594448484,219.5,813.2868399999835,556.3224399999968,321607.16649195924,2552367.5594448484,306.1046142578125,False,-5.454105230019039,未获全区间证书,False,False,False
111,R11,C,3404.641845703125,3898.7290262936795,1906.641845703125,2400.7290262936795,巡航,S002,O01,813.2868399999835,556.3224399999968,321607.16649195924,2552367.5594448484,306.1046142578125,713.5661199999887,778.8658000000014,318686.20128461556,2545556.1393129765,306.1046142578125,False,-5.454105230019039,未获全区间证书,False,True,True
112,R11,C,3898.7290262936795,3987.931333422586,2400.7290262936795,2489.931333422586,下降,S002,O01,713.5661199999887,778.8658000000014,318686.20128461556,2545556.1393129765,306.1046142578125,713.5661199999887,778.8658000000014,318686.20128461556,2545556.1393129765,127.69999999999999,True,27.950418600809655,遮挡预算仍通过,True,True,True
113,R11,C,3987.931333422586,3988.0,2489.931333422586,2490.0,整数秒等待,S002,O01,713.5661199999887,778.8658000000014,318686.20128461556,2545556.1393129765,127.7,713.5661199999887,778.8658000000014,318686.20128461556,2545556.1393129765,127.7,True,45.92517525248826,遮挡预算仍通过,True,True,True
114,R12,C,2176.0,2285.103703613281,480.0,589.1037036132811,爬升,O01,S004,713.5661199999887,778.8658000000014,318686.20128461556,2545556.1393129765,127.7,713.5661199999887,778.8658000000014,318686.20128461556,2545556.1393129765,400.4592590332031,True,23.89163369468112,遮挡预算仍通过,True,True,True
115,R12,C,2285.103703613281,2799.41898728283,589.1037036132811,1103.4189872828301,巡航,O01,S004,713.5661199999887,778.8658000000014,318686.20128461556,2545556.1393129765,400.4592590332031,739.9170399999764,529.2709599999953,319528.97595331207,2553224.6970871883,400.4592590332031,False,-5.805297956837251,未获全区间证书,True,True,False
116,R12,C,2799.41898728283,2885.4986167994316,1103.4189872828301,1189.4986167994316,下降,O01,S004,739.9170399999764,529.2709599999953,319528.97595331207,2553224.6970871883,400.4592590332031,739.9170399999764,529.2709599999953,319528.97595331207,2553224.6970871883,228.3,False,-5.805297956837251,未获全区间证书,False,False,False
117,R12,C,2885.4986167994316,2886.0,1189.4986167994316,1190.0,整数秒等待,O01,S004,739.9170399999764,529.2709599999953,319528.97595331207,2553224.6970871883,228.3,739.9170399999764,529.2709599999953,319528.97595331207,2553224.6970871883,228.3,False,-5.801112632147451,未获全区间证书,False,False,False
118,R12,C,2886.0,3282.0,1190.0,1586.0,交接,O01,S004,739.9170399999764,529.2709599999953,319528.97595331207,2553224.6970871883,228.3,739.9170399999764,529.2709599999953,319528.97595331207,2553224.6970871883,228.3,False,-5.801112632147451,未获全区间证书,False,False,False
119,R12,C,3282.0,3350.8637036132814,1586.0,1654.8637036132814,爬升,S004,O01,739.9170399999764,529.2709599999953,319528.97595331207,2553224.6970871883,228.3,739.9170399999764,529.2709599999953,319528.97595331207,2553224.6970871883,400.4592590332031,False,-5.805297956837251,未获全区间证书,False,False,False
120,R12,C,3350.8637036132814,3865.1789872828303,1654.8637036132814,2169.1789872828303,巡航,S004,O01,739.9170399999764,529.2709599999953,319528.97595331207,2553224.6970871883,400.4592590332031,713.5661199999887,778.8658000000014,318686.20128461556,2545556.1393129765,400.4592590332031,False,-5.805297956837251,未获全区间证书,False,True,True
121,R12,C,3865.1789872828303,4001.558616799432,2169.1789872828303,2305.558616799432,下降,S004,O01,713.5661199999887,778.8658000000014,318686.20128461556,2545556.1393129765,400.4592590332031,713.5661199999887,778.8658000000014,318686.20128461556,2545556.1393129765,127.69999999999999,True,23.89163369468112,遮挡预算仍通过,True,True,True
122,R12,C,4001.558616799432,4002.0,2305.558616799432,2306.0,整数秒等待,S004,O01,713.5661199999887,778.8658000000014,318686.20128461556,2545556.1393129765,127.7,713.5661199999887,778.8658000000014,318686.20128461556,2545556.1393129765,127.7,True,45.92517525248826,遮挡预算仍通过,True,True,True
123,R13,A,2120.0,2179.4682047526044,360.0,419.4682047526044,爬升,O01,S002,713.5661199999887,778.8658000000014,318686.20128461556,2545556.1393129765,127.7,713.5661199999887,778.8658000000014,318686.20128461556,2545556.1393129765,306.1046142578125,True,27.950418600809655,遮挡预算仍通过,True,True,True
124,R13,A,2179.4682047526044,2797.0771804907977,419.4682047526044,1037.0771804907977,巡航,O01,S002,713.5661199999887,778.8658000000014,318686.20128461556,2545556.1393129765,306.1046142578125,813.2868399999835,556.3224399999968,321607.16649195924,2552367.5594448484,306.1046142578125,False,-5.454105230019039,未获全区间证书,True,True,False
125,R13,A,2797.0771804907977,2831.7190261939227,1037.0771804907977,1071.7190261939227,下降,O01,S002,813.2868399999835,556.3224399999968,321607.16649195924,2552367.5594448484,306.1046142578125,813.2868399999835,556.3224399999968,321607.16649195924,2552367.5594448484,219.5,False,-5.454105230019039,未获全区间证书,False,False,False
126,R13,A,2831.7190261939227,2832.0,1071.7190261939227,1072.0,整数秒等待,O01,S002,813.2868399999835,556.3224399999968,321607.16649195924,2552367.5594448484,219.5,813.2868399999835,556.3224399999968,321607.16649195924,2552367.5594448484,219.5,False,-5.452529324702368,未获全区间证书,False,False,False
127,R13,A,2832.0,3042.0,1072.0,1282.0,交接,O01,S002,813.2868399999835,556.3224399999968,321607.16649195924,2552367.5594448484,219.5,813.2868399999835,556.3224399999968,321607.16649195924,2552367.5594448484,219.5,False,-5.452529324702368,未获全区间证书,False,False,False
128,R13,A,3042.0,3070.868204752604,1282.0,1310.868204752604,爬升,S002,O01,813.2868399999835,556.3224399999968,321607.16649195924,2552367.5594448484,219.5,813.2868399999835,556.3224399999968,321607.16649195924,2552367.5594448484,306.1046142578125,False,-5.454105230019039,未获全区间证书,False,False,False
129,R13,A,3070.868204752604,3688.4771804907973,1310.868204752604,1928.4771804907973,巡航,S002,O01,813.2868399999835,556.3224399999968,321607.16649195924,2552367.5594448484,306.1046142578125,713.5661199999887,778.8658000000014,318686.20128461556,2545556.1393129765,306.1046142578125,False,-5.454105230019039,未获全区间证书,False,True,True
130,R13,A,3688.4771804907973,3759.839026193922,1928.4771804907973,1999.839026193922,下降,S002,O01,713.5661199999887,778.8658000000014,318686.20128461556,2545556.1393129765,306.1046142578125,713.5661199999887,778.8658000000014,318686.20128461556,2545556.1393129765,127.69999999999999,True,27.950418600809655,遮挡预算仍通过,True,True,True
131,R13,A,3759.839026193922,3760.0,1999.839026193922,2000.0,整数秒等待,S002,O01,713.5661199999887,778.8658000000014,318686.20128461556,2545556.1393129765,127.7,713.5661199999887,778.8658000000014,318686.20128461556,2545556.1393129765,127.7,True,45.92517525248826,遮挡预算仍通过,True,True,True
132,R14,A,2827.0,2951.035557047526,360.0,484.0355570475258,爬升,O01,S007,713.5661199999887,778.8658000000014,318686.20128461556,2545556.1393129765,127.7,713.5661199999887,778.8658000000014,318686.20128461556,2545556.1393129765,499.8066711425781,True,21.012290096743442,遮挡预算仍通过,True,True,True
133,R14,A,2951.035557047526,3328.912890020662,484.0355570475258,861.912890020662,巡航,O01,S007,713.5661199999887,778.8658000000014,318686.20128461556,2545556.1393129765,499.8066711425781,576.6487599999573,703.5930399999985,314816.0469056985,2547919.156288568,499.8066711425781,False,-1.2109739246238007,未获全区间证书,True,True,False
134,R14,A,3328.912890020662,3389.435558477693,861.912890020662,922.4355584776931,下降,O01,S007,576.6487599999573,703.5930399999985,314816.0469056985,2547919.156288568,499.8066711425781,576.6487599999573,703.5930399999985,314816.0469056985,2547919.156288568,348.5,False,-1.2109739246238007,未获全区间证书,False,False,False
135,R14,A,3389.435558477693,3390.0,922.4355584776931,923.0,整数秒等待,O01,S007,576.6487599999573,703.5930399999985,314816.0469056985,2547919.156288568,348.5,576.6487599999573,703.5930399999985,314816.0469056985,2547919.156288568,348.5,False,-1.1933744791611502,未获全区间证书,False,False,False
136,R14,A,3390.0,3600.0,923.0,1133.0,交接,O01,S007,576.6487599999573,703.5930399999985,314816.0469056985,2547919.156288568,348.5,576.6487599999573,703.5930399999985,314816.0469056985,2547919.156288568,348.5,False,-1.1933744791611502,未获全区间证书,False,False,False
137,R14,A,3600.0,3650.435557047526,1133.0,1183.435557047526,爬升,S007,O01,576.6487599999573,703.5930399999985,314816.0469056985,2547919.156288568,348.5,576.6487599999573,703.5930399999985,314816.0469056985,2547919.156288568,499.8066711425781,False,-1.2109739246238007,未获全区间证书,False,False,False
138,R14,A,3650.435557047526,4028.312890020662,1183.435557047526,1561.312890020662,巡航,S007,O01,576.6487599999573,703.5930399999985,314816.0469056985,2547919.156288568,499.8066711425781,713.5661199999887,778.8658000000014,318686.20128461556,2545556.1393129765,499.8066711425781,False,-1.2109739246238007,未获全区间证书,False,True,True
139,R14,A,4028.312890020662,4177.155558477693,1561.312890020662,1710.1555584776934,下降,S007,O01,713.5661199999887,778.8658000000014,318686.20128461556,2545556.1393129765,499.8066711425781,713.5661199999887,778.8658000000014,318686.20128461556,2545556.1393129765,127.69999999999999,True,21.012290096743442,遮挡预算仍通过,True,True,True
140,R14,A,4177.155558477693,4178.0,1710.1555584776934,1711.0,整数秒等待,S007,O01,713.5661199999887,778.8658000000014,318686.20128461556,2545556.1393129765,127.7,713.5661199999887,778.8658000000014,318686.20128461556,2545556.1393129765,127.7,True,45.92517525248826,遮挡预算仍通过,True,True,True
141,R15,A,2827.0,2951.035557047526,360.0,484.0355570475258,爬升,O01,S007,713.5661199999887,778.8658000000014,318686.20128461556,2545556.1393129765,127.7,713.5661199999887,778.8658000000014,318686.20128461556,2545556.1393129765,499.8066711425781,True,21.012290096743442,遮挡预算仍通过,True,True,True
142,R15,A,2951.035557047526,3328.912890020662,484.0355570475258,861.912890020662,巡航,O01,S007,713.5661199999887,778.8658000000014,318686.20128461556,2545556.1393129765,499.8066711425781,576.6487599999573,703.5930399999985,314816.0469056985,2547919.156288568,499.8066711425781,False,-1.2109739246238007,未获全区间证书,True,True,False
143,R15,A,3328.912890020662,3389.435558477693,861.912890020662,922.4355584776931,下降,O01,S007,576.6487599999573,703.5930399999985,314816.0469056985,2547919.156288568,499.8066711425781,576.6487599999573,703.5930399999985,314816.0469056985,2547919.156288568,348.5,False,-1.2109739246238007,未获全区间证书,False,False,False
144,R15,A,3389.435558477693,3390.0,922.4355584776931,923.0,整数秒等待,O01,S007,576.6487599999573,703.5930399999985,314816.0469056985,2547919.156288568,348.5,576.6487599999573,703.5930399999985,314816.0469056985,2547919.156288568,348.5,False,-1.1933744791611502,未获全区间证书,False,False,False
145,R15,A,3390.0,3600.0,923.0,1133.0,交接,O01,S007,576.6487599999573,703.5930399999985,314816.0469056985,2547919.156288568,348.5,576.6487599999573,703.5930399999985,314816.0469056985,2547919.156288568,348.5,False,-1.1933744791611502,未获全区间证书,False,False,False
146,R15,A,3600.0,3650.435557047526,1133.0,1183.435557047526,爬升,S007,O01,576.6487599999573,703.5930399999985,314816.0469056985,2547919.156288568,348.5,576.6487599999573,703.5930399999985,314816.0469056985,2547919.156288568,499.8066711425781,False,-1.2109739246238007,未获全区间证书,False,False,False
147,R15,A,3650.435557047526,4028.312890020662,1183.435557047526,1561.312890020662,巡航,S007,O01,576.6487599999573,703.5930399999985,314816.0469056985,2547919.156288568,499.8066711425781,713.5661199999887,778.8658000000014,318686.20128461556,2545556.1393129765,499.8066711425781,False,-1.2109739246238007,未获全区间证书,False,True,True
148,R15,A,4028.312890020662,4177.155558477693,1561.312890020662,1710.1555584776934,下降,S007,O01,713.5661199999887,778.8658000000014,318686.20128461556,2545556.1393129765,499.8066711425781,713.5661199999887,778.8658000000014,318686.20128461556,2545556.1393129765,127.69999999999999,True,21.012290096743442,遮挡预算仍通过,True,True,True
149,R15,A,4177.155558477693,4178.0,1710.1555584776934,1711.0,整数秒等待,S007,O01,713.5661199999887,778.8658000000014,318686.20128461556,2545556.1393129765,127.7,713.5661199999887,778.8658000000014,318686.20128461556,2545556.1393129765,127.7,True,45.92517525248826,遮挡预算仍通过,True,True,True
150,R16,B,2879.0,3019.9448486328124,390.0,530.9448486328124,爬升,O01,S003,713.5661199999887,778.8658000000014,318686.20128461556,2545556.1393129765,127.7,713.5661199999887,778.8658000000014,318686.20128461556,2545556.1393129765,550.5345458984375,True,19.84324102000643,遮挡预算仍通过,True,True,True
151,R16,B,3019.9448486328124,3504.166696443287,530.9448486328124,1015.166696443287,巡航,O01,S003,713.5661199999887,778.8658000000014,318686.20128461556,2545556.1393129765,550.5345458984375,490.3880799999695,664.5229599999909,312375.1586332822,2549151.5071912156,550.5345458984375,False,-5.290275894273435,未获全区间证书,True,True,False
152,R16,B,3504.166696443287,3588.980514802662,1015.166696443287,1099.9805148026621,下降,O01,S003,490.3880799999695,664.5229599999909,312375.1586332822,2549151.5071912156,550.5345458984375,490.3880799999695,664.5229599999909,312375.1586332822,2549151.5071912156,338.5,False,-5.290275894273435,未获全区间证书,False,False,False
153,R16,B,3588.980514802662,3589.0,1099.9805148026621,1100.0,整数秒等待,O01,S003,490.3880799999695,664.5229599999909,312375.1586332822,2549151.5071912156,338.5,490.3880799999695,664.5229599999909,312375.1586332822,2549151.5071912156,338.5,False,-5.279933477988692,未获全区间证书,False,False,False
154,R16,B,3589.0,3829.0,1100.0,1340.0,交接,O01,S003,490.3880799999695,664.5229599999909,312375.1586332822,2549151.5071912156,338.5,490.3880799999695,664.5229599999909,312375.1586332822,2549151.5071912156,338.5,False,-5.279933477988692,未获全区间证书,False,False,False
155,R16,B,3829.0,3899.678181966146,1340.0,1410.678181966146,爬升,S003,O01,490.3880799999695,664.5229599999909,312375.1586332822,2549151.5071912156,338.5,490.3880799999695,664.5229599999909,312375.1586332822,2549151.5071912156,550.5345458984375,False,-5.290275894273435,未获全区间证书,False,False,False
156,R16,B,3899.678181966146,4383.900029776621,1410.678181966146,1894.9000297766206,巡航,S003,O01,490.3880799999695,664.5229599999909,312375.1586332822,2549151.5071912156,550.5345458984375,713.5661199999887,778.8658000000014,318686.20128461556,2545556.1393129765,550.5345458984375,False,-5.290275894273435,未获全区间证书,False,True,True
157,R16,B,4383.900029776621,4553.033848135996,1894.9000297766206,2064.033848135996,下降,S003,O01,713.5661199999887,778.8658000000014,318686.20128461556,2545556.1393129765,550.5345458984375,713.5661199999887,778.8658000000014,318686.20128461556,2545556.1393129765,127.69999999999999,True,19.84324102000643,遮挡预算仍通过,True,True,True
158,R16,B,4553.033848135996,4554.0,2064.033848135996,2065.0,整数秒等待,S003,O01,713.5661199999887,778.8658000000014,318686.20128461556,2545556.1393129765,127.7,713.5661199999887,778.8658000000014,318686.20128461556,2545556.1393129765,127.7,True,45.92517525248826,遮挡预算仍通过,True,True,True
159,R17,B,3524.0,3673.6240275065106,390.0,539.6240275065106,爬升,O01,S015,713.5661199999887,778.8658000000014,318686.20128461556,2545556.1393129765,127.7,713.5661199999887,778.8658000000014,318686.20128461556,2545556.1393129765,576.5720825195312,True,19.299219631628887,遮挡预算仍通过,True,True,True
160,R17,B,3673.6240275065106,4074.2555322500575,539.6240275065106,940.2555322500575,巡航,O01,S015,713.5661199999887,778.8658000000014,318686.20128461556,2545556.1393129765,576.5720825195312,575.0629599999706,631.4627199999991,314798.3027491758,2550138.497391692,576.5720825195312,False,-3.653014927526357,未获全区间证书,True,True,False
161,R17,B,4074.2555322500575,4115.08436525787,940.2555322500575,981.0843652578696,下降,O01,S015,575.0629599999706,631.4627199999991,314798.3027491758,2550138.497391692,576.5720825195312,575.0629599999706,631.4627199999991,314798.3027491758,2550138.497391692,474.5,False,-3.653014927526357,未获全区间证书,False,False,False
162,R17,B,4115.08436525787,4116.0,981.0843652578696,982.0,整数秒等待,O01,S015,575.0629599999706,631.4627199999991,314798.3027491758,2550138.497391692,474.5,575.0629599999706,631.4627199999991,314798.3027491758,2550138.497391692,474.5,False,-3.64377629900018,未获全区间证书,False,False,False
163,R17,B,4116.0,4356.0,982.0,1222.0,交接,O01,S015,575.0629599999706,631.4627199999991,314798.3027491758,2550138.497391692,474.5,575.0629599999706,631.4627199999991,314798.3027491758,2550138.497391692,474.5,False,-3.64377629900018,未获全区间证书,False,False,False
164,R17,B,4356.0,4390.024027506511,1222.0,1256.0240275065107,爬升,S015,O01,575.0629599999706,631.4627199999991,314798.3027491758,2550138.497391692,474.5,575.0629599999706,631.4627199999991,314798.3027491758,2550138.497391692,576.5720825195312,False,-3.653014927526357,未获全区间证书,False,False,False
165,R17,B,4390.024027506511,4790.655532250058,1256.0240275065107,1656.655532250058,巡航,S015,O01,575.0629599999706,631.4627199999991,314798.3027491758,2550138.497391692,576.5720825195312,713.5661199999887,778.8658000000014,318686.20128461556,2545556.1393129765,576.5720825195312,False,-3.653014927526357,未获全区间证书,False,True,True
166,R17,B,4790.655532250058,4970.20436525787,1656.655532250058,1836.2043652578704,下降,S015,O01,713.5661199999887,778.8658000000014,318686.20128461556,2545556.1393129765,576.5720825195312,713.5661199999887,778.8658000000014,318686.20128461556,2545556.1393129765,127.69999999999999,True,19.299219631628887,遮挡预算仍通过,True,True,True
167,R17,B,4970.20436525787,4971.0,1836.2043652578704,1837.0,整数秒等待,S015,O01,713.5661199999887,778.8658000000014,318686.20128461556,2545556.1393129765,127.7,713.5661199999887,778.8658000000014,318686.20128461556,2545556.1393129765,127.7,True,45.92517525248826,遮挡预算仍通过,True,True,True
168,R18,A,4120.0,4174.3860666910805,360.0,414.3860666910805,爬升,O01,S011,713.5661199999887,778.8658000000014,318686.20128461556,2545556.1393129765,127.7,713.5661199999887,778.8658000000014,318686.20128461556,2545556.1393129765,290.8582000732422,True,28.829450578334075,遮挡预算仍通过,True,True,True
169,R18,A,4174.3860666910805,4408.394238923711,414.3860666910805,648.3942389237109,巡航,O01,S011,713.5661199999887,778.8658000000014,318686.20128461556,2545556.1393129765,290.8582000732422,675.7081599999744,694.5768399999964,317639.7049010765,2548161.9520598864,290.8582000732422,True,2.96625704173033,遮挡预算仍通过,True,True,True
170,R18,A,4408.394238923711,4439.897518953007,648.3942389237109,679.8975189530074,下降,O01,S011,675.7081599999744,694.5768399999964,317639.7049010765,2548161.9520598864,290.8582000732422,675.7081599999744,694.5768399999964,317639.7049010765,2548161.9520598864,212.1,True,2.96625704173033,遮挡预算仍通过,True,True,True
171,R18,A,4439.897518953007,4440.0,679.8975189530074,680.0,整数秒等待,O01,S011,675.7081599999744,694.5768399999964,317639.7049010765,2548161.9520598864,212.1,675.7081599999744,694.5768399999964,317639.7049010765,2548161.9520598864,212.1,True,2.9752461695512835,遮挡预算仍通过,True,True,True
172,R18,A,4440.0,4650.0,680.0,890.0,交接,O01,S011,675.7081599999744,694.5768399999964,317639.7049010765,2548161.9520598864,212.1,675.7081599999744,694.5768399999964,317639.7049010765,2548161.9520598864,212.1,True,2.9752461695512835,遮挡预算仍通过,True,True,True
173,R18,A,4650.0,4676.252733357747,890.0,916.2527333577473,爬升,S011,O01,675.7081599999744,694.5768399999964,317639.7049010765,2548161.9520598864,212.1,675.7081599999744,694.5768399999964,317639.7049010765,2548161.9520598864,290.8582000732422,True,2.96625704173033,遮挡预算仍通过,True,True,True
174,R18,A,4676.252733357747,4910.260905590378,916.2527333577473,1150.2609055903777,巡航,S011,O01,675.7081599999744,694.5768399999964,317639.7049010765,2548161.9520598864,290.8582000732422,713.5661199999887,778.8658000000014,318686.20128461556,2545556.1393129765,290.8582000732422,True,2.96625704173033,遮挡预算仍通过,True,True,True
175,R18,A,4910.260905590378,4975.524185619674,1150.2609055903777,1215.5241856196744,下降,S011,O01,713.5661199999887,778.8658000000014,318686.20128461556,2545556.1393129765,290.8582000732422,713.5661199999887,778.8658000000014,318686.20128461556,2545556.1393129765,127.69999999999999,True,28.829450578334075,遮挡预算仍通过,True,True,True
176,R18,A,4975.524185619674,4976.0,1215.5241856196744,1216.0,整数秒等待,S011,O01,713.5661199999887,778.8658000000014,318686.20128461556,2545556.1393129765,127.7,713.5661199999887,778.8658000000014,318686.20128461556,2545556.1393129765,127.7,True,45.92517525248826,遮挡预算仍通过,True,True,True
177,R19,C,4468.0,4616.842668457031,480.0,628.8426684570313,爬升,O01,S007,713.5661199999887,778.8658000000014,318686.20128461556,2545556.1393129765,127.7,713.5661199999887,778.8658000000014,318686.20128461556,2545556.1393129765,499.8066711425781,True,21.012290096743442,遮挡预算仍通过,True,True,True
178,R19,C,4616.842668457031,4919.14453483554,628.8426684570313,931.1445348355401,巡航,O01,S007,713.5661199999887,778.8658000000014,318686.20128461556,2545556.1393129765,499.8066711425781,576.6487599999573,703.5930399999985,314816.0469056985,2547919.156288568,499.8066711425781,False,-1.2109739246238007,未获全区间证书,True,True,False
179,R19,C,4919.14453483554,4994.797870406829,931.1445348355401,1006.7978704068291,下降,O01,S007,576.6487599999573,703.5930399999985,314816.0469056985,2547919.156288568,499.8066711425781,576.6487599999573,703.5930399999985,314816.0469056985,2547919.156288568,348.5,False,-1.2109739246238007,未获全区间证书,False,False,False
180,R19,C,4994.797870406829,4995.0,1006.7978704068291,1007.0,整数秒等待,O01,S007,576.6487599999573,703.5930399999985,314816.0469056985,2547919.156288568,348.5,576.6487599999573,703.5930399999985,314816.0469056985,2547919.156288568,348.5,False,-1.1933744791611502,未获全区间证书,False,False,False
181,R19,C,4995.0,5211.0,1007.0,1223.0,交接,O01,S007,576.6487599999573,703.5930399999985,314816.0469056985,2547919.156288568,348.5,576.6487599999573,703.5930399999985,314816.0469056985,2547919.156288568,348.5,False,-1.1933744791611502,未获全区间证书,False,False,False
182,R19,C,5211.0,5239.05859375,1223.0,1251.05859375,爬升,S007,S003,576.6487599999573,703.5930399999985,314816.0469056985,2547919.156288568,348.5,576.6487599999573,703.5930399999985,314816.0469056985,2547919.156288568,418.646484375,False,-1.2003445209229966,未获全区间证书,False,False,False
183,R19,C,5239.05859375,5421.3480376532625,1251.05859375,1433.3480376532625,巡航,S007,S003,576.6487599999573,703.5930399999985,314816.0469056985,2547919.156288568,418.646484375,490.3880799999695,664.5229599999909,312375.1586332822,2549151.5071912156,418.646484375,False,-5.282976810081109,未获全区间证书,False,False,False
184,R19,C,5421.3480376532625,5461.4212798407625,1433.3480376532625,1473.4212798407625,下降,S007,S003,490.3880799999695,664.5229599999909,312375.1586332822,2549151.5071912156,418.646484375,490.3880799999695,664.5229599999909,312375.1586332822,2549151.5071912156,338.5,False,-5.282976810081109,未获全区间证书,False,False,False
185,R19,C,5461.4212798407625,5462.0,1473.4212798407625,1474.0,整数秒等待,S007,S003,490.3880799999695,664.5229599999909,312375.1586332822,2549151.5071912156,338.5,490.3880799999695,664.5229599999909,312375.1586332822,2549151.5071912156,338.5,False,-5.279933477988692,未获全区间证书,False,False,False
186,R19,C,5462.0,5822.0,1474.0,1834.0,交接,S007,S003,490.3880799999695,664.5229599999909,312375.1586332822,2549151.5071912156,338.5,490.3880799999695,664.5229599999909,312375.1586332822,2549151.5071912156,338.5,False,-5.279933477988692,未获全区间证书,False,False,False
187,R19,C,5822.0,5906.813818359375,1834.0,1918.8138183593746,爬升,S003,O01,490.3880799999695,664.5229599999909,312375.1586332822,2549151.5071912156,338.5,490.3880799999695,664.5229599999909,312375.1586332822,2549151.5071912156,550.5345458984375,False,-5.290275894273435,未获全区间证书,False,False,False
188,R19,C,5906.813818359375,6391.03566616985,1918.8138183593746,2403.0356661698497,巡航,S003,O01,490.3880799999695,664.5229599999909,312375.1586332822,2549151.5071912156,550.5345458984375,713.5661199999887,778.8658000000014,318686.20128461556,2545556.1393129765,550.5345458984375,False,-5.290275894273435,未获全区间证书,False,True,True
189,R19,C,6391.03566616985,6602.452939119068,2403.0356661698497,2614.452939119068,下降,S003,O01,713.5661199999887,778.8658000000014,318686.20128461556,2545556.1393129765,550.5345458984375,713.5661199999887,778.8658000000014,318686.20128461556,2545556.1393129765,127.69999999999999,True,19.84324102000643,遮挡预算仍通过,True,True,True
190,R19,C,6602.452939119068,6603.0,2614.452939119068,2615.0,整数秒等待,S003,O01,713.5661199999887,778.8658000000014,318686.20128461556,2545556.1393129765,127.7,713.5661199999887,778.8658000000014,318686.20128461556,2545556.1393129765,127.7,True,45.92517525248826,遮挡预算仍通过,True,True,True
191,R20,C,4512.0,4590.1385546875,510.0,588.1385546874999,爬升,O01,S005,713.5661199999887,778.8658000000014,318686.20128461556,2545556.1393129765,127.7,713.5661199999887,778.8658000000014,318686.20128461556,2545556.1393129765,323.04638671875,True,27.06783874565201,遮挡预算仍通过,True,True,True
192,R20,C,4590.1385546875,4942.181333985172,588.1385546874999,940.1813339851724,巡航,O01,S005,713.5661199999887,778.8658000000014,318686.20128461556,2545556.1393129765,323.04638671875,704.3810799999831,607.4183199999924,318488.4830988483,2550833.0782146063,323.04638671875,False,-2.5127447529405345,未获全区间证书,True,True,False
193,R20,C,4942.181333985172,5006.204527344547,940.1813339851724,1004.2045273445474,下降,O01,S005,704.3810799999831,607.4183199999924,318488.4830988483,2550833.0782146063,323.04638671875,704.3810799999831,607.4183199999924,318488.4830988483,2550833.0782146063,195.0,False,-2.5127447529405345,未获全区间证书,False,False,False
194,R20,C,5006.204527344547,5007.0,1004.2045273445474,1005.0,整数秒等待,O01,S005,704.3810799999831,607.4183199999924,318488.4830988483,2550833.0782146063,195.0,704.3810799999831,607.4183199999924,318488.4830988483,2550833.0782146063,195.0,False,-2.5083072653230545,未获全区间证书,False,False,False
195,R20,C,5007.0,5403.0,1005.0,1401.0,交接,O01,S005,704.3810799999831,607.4183199999924,318488.4830988483,2550833.0782146063,195.0,704.3810799999831,607.4183199999924,318488.4830988483,2550833.0782146063,195.0,False,-2.5083072653230545,未获全区间证书,False,False,False
196,R20,C,5403.0,5462.990869140625,1401.0,1460.9908691406254,爬升,S005,S011,704.3810799999831,607.4183199999924,318488.4830988483,2550833.0782146063,195.0,704.3810799999831,607.4183199999924,318488.4830988483,2550833.0782146063,344.9771728515625,False,-2.51401589260567,未获全区间证书,False,False,False
197,R20,C,5462.990869140625,5649.840058041921,1460.9908691406254,1647.840058041921,巡航,S005,S011,704.3810799999831,607.4183199999924,318488.4830988483,2550833.0782146063,344.9771728515625,675.7081599999744,694.5768399999964,317639.7049010765,2548161.9520598864,344.9771728515625,False,-2.51401589260567,未获全区间证书,False,False,True
198,R20,C,5649.840058041921,5716.278644467702,1647.840058041921,1714.2786444677022,下降,S005,S011,675.7081599999744,694.5768399999964,317639.7049010765,2548161.9520598864,344.9771728515625,675.7081599999744,694.5768399999964,317639.7049010765,2548161.9520598864,212.1,True,2.956147972488523,遮挡预算仍通过,True,True,True
199,R20,C,5716.278644467702,5717.0,1714.2786444677022,1715.0,整数秒等待,S005,S011,675.7081599999744,694.5768399999964,317639.7049010765,2548161.9520598864,212.1,675.7081599999744,694.5768399999964,317639.7049010765,2548161.9520598864,212.1,True,2.9752461695512835,遮挡预算仍通过,True,True,True
200,R20,C,5717.0,5933.0,1715.0,1931.0,交接,S005,S011,675.7081599999744,694.5768399999964,317639.7049010765,2548161.9520598864,212.1,675.7081599999744,694.5768399999964,317639.7049010765,2548161.9520598864,212.1,True,2.9752461695512835,遮挡预算仍通过,True,True,True
201,R20,C,5933.0,5964.503280029297,1931.0,1962.5032800292965,爬升,S011,O01,675.7081599999744,694.5768399999964,317639.7049010765,2548161.9520598864,212.1,675.7081599999744,694.5768399999964,317639.7049010765,2548161.9520598864,290.8582000732422,True,2.96625704173033,遮挡预算仍通过,True,True,True
202,R20,C,5964.503280029297,6151.709817815401,1962.5032800292965,2149.709817815401,巡航,S011,O01,675.7081599999744,694.5768399999964,317639.7049010765,2548161.9520598864,290.8582000732422,713.5661199999887,778.8658000000014,318686.20128461556,2545556.1393129765,290.8582000732422,True,2.96625704173033,遮挡预算仍通过,True,True,True
203,R20,C,6151.709817815401,6233.288917852022,2149.709817815401,2231.2889178520218,下降,S011,O01,713.5661199999887,778.8658000000014,318686.20128461556,2545556.1393129765,290.8582000732422,713.5661199999887,778.8658000000014,318686.20128461556,2545556.1393129765,127.69999999999999,True,28.829450578334075,遮挡预算仍通过,True,True,True
204,R20,C,6233.288917852022,6234.0,2231.2889178520218,2232.0,整数秒等待,S011,O01,713.5661199999887,778.8658000000014,318686.20128461556,2545556.1393129765,127.7,713.5661199999887,778.8658000000014,318686.20128461556,2545556.1393129765,127.7,True,45.92517525248826,遮挡预算仍通过,True,True,True
205,R21,B,5304.0,5386.210524495443,390.0,472.21052449544277,爬升,O01,S008,713.5661199999887,778.8658000000014,318686.20128461556,2545556.1393129765,127.7,713.5661199999887,778.8658000000014,318686.20128461556,2545556.1393129765,374.3315734863281,True,24.83936688437511,遮挡预算仍通过,True,True,True
206,R21,B,5386.210524495443,5924.818167750721,472.21052449544277,1010.8181677507209,巡航,O01,S008,713.5661199999887,778.8658000000014,318686.20128461556,2545556.1393129765,374.3315734863281,648.3899199999631,523.2593199999969,316926.3521468387,2553441.2534225625,374.3315734863281,False,-6.204916327326984,未获全区间证书,True,True,False
207,R21,B,5924.818167750721,5966.190797145252,1010.8181677507209,1052.190797145252,下降,O01,S008,648.3899199999631,523.2593199999969,316926.3521468387,2553441.2534225625,374.3315734863281,648.3899199999631,523.2593199999969,316926.3521468387,2553441.2534225625,270.9,False,-6.204916327326984,未获全区间证书,False,False,False
208,R21,B,5966.190797145252,5967.0,1052.190797145252,1053.0,整数秒等待,O01,S008,648.3899199999631,523.2593199999969,316926.3521468387,2553441.2534225625,270.9,648.3899199999631,523.2593199999969,316926.3521468387,2553441.2534225625,270.9,False,-6.202510039323599,未获全区间证书,False,False,False
209,R21,B,5967.0,6207.0,1053.0,1293.0,交接,O01,S008,648.3899199999631,523.2593199999969,316926.3521468387,2553441.2534225625,270.9,648.3899199999631,523.2593199999969,316926.3521468387,2553441.2534225625,270.9,False,-6.202510039323599,未获全区间证书,False,False,False
210,R21,B,6207.0,6241.477191162109,1293.0,1327.4771911621092,爬升,S008,O01,648.3899199999631,523.2593199999969,316926.3521468387,2553441.2534225625,270.9,648.3899199999631,523.2593199999969,316926.3521468387,2553441.2534225625,374.3315734863281,False,-6.204916327326984,未获全区间证书,False,False,False
211,R21,B,6241.477191162109,6780.084834417387,1327.4771911621092,1866.0848344173874,巡航,S008,O01,648.3899199999631,523.2593199999969,316926.3521468387,2553441.2534225625,374.3315734863281,713.5661199999887,778.8658000000014,318686.20128461556,2545556.1393129765,374.3315734863281,False,-6.204916327326984,未获全区间证书,False,True,True
212,R21,B,6780.084834417387,6878.737463811919,1866.0848344173874,1964.737463811919,下降,S008,O01,713.5661199999887,778.8658000000014,318686.20128461556,2545556.1393129765,374.3315734863281,713.5661199999887,778.8658000000014,318686.20128461556,2545556.1393129765,127.69999999999999,True,24.83936688437511,遮挡预算仍通过,True,True,True
213,R21,B,6878.737463811919,6879.0,1964.737463811919,1965.0,整数秒等待,S008,O01,713.5661199999887,778.8658000000014,318686.20128461556,2545556.1393129765,127.7,713.5661199999887,778.8658000000014,318686.20128461556,2545556.1393129765,127.7,True,45.92517525248826,遮挡预算仍通过,True,True,True
214,R22,B,5354.0,5436.210524495443,360.0,442.21052449544277,爬升,O01,S008,713.5661199999887,778.8658000000014,318686.20128461556,2545556.1393129765,127.7,713.5661199999887,778.8658000000014,318686.20128461556,2545556.1393129765,374.3315734863281,True,24.83936688437511,遮挡预算仍通过,True,True,True
215,R22,B,5436.210524495443,5974.818167750721,442.21052449544277,980.8181677507209,巡航,O01,S008,713.5661199999887,778.8658000000014,318686.20128461556,2545556.1393129765,374.3315734863281,648.3899199999631,523.2593199999969,316926.3521468387,2553441.2534225625,374.3315734863281,False,-6.204916327326984,未获全区间证书,True,True,False
216,R22,B,5974.818167750721,6016.190797145252,980.8181677507209,1022.190797145252,下降,O01,S008,648.3899199999631,523.2593199999969,316926.3521468387,2553441.2534225625,374.3315734863281,648.3899199999631,523.2593199999969,316926.3521468387,2553441.2534225625,270.9,False,-6.204916327326984,未获全区间证书,False,False,False
217,R22,B,6016.190797145252,6017.0,1022.190797145252,1023.0,整数秒等待,O01,S008,648.3899199999631,523.2593199999969,316926.3521468387,2553441.2534225625,270.9,648.3899199999631,523.2593199999969,316926.3521468387,2553441.2534225625,270.9,False,-6.202510039323599,未获全区间证书,False,False,False
218,R22,B,6017.0,6227.0,1023.0,1233.0,交接,O01,S008,648.3899199999631,523.2593199999969,316926.3521468387,2553441.2534225625,270.9,648.3899199999631,523.2593199999969,316926.3521468387,2553441.2534225625,270.9,False,-6.202510039323599,未获全区间证书,False,False,False
219,R22,B,6227.0,6261.477191162109,1233.0,1267.4771911621092,爬升,S008,O01,648.3899199999631,523.2593199999969,316926.3521468387,2553441.2534225625,270.9,648.3899199999631,523.2593199999969,316926.3521468387,2553441.2534225625,374.3315734863281,False,-6.204916327326984,未获全区间证书,False,False,False
220,R22,B,6261.477191162109,6800.084834417387,1267.4771911621092,1806.0848344173874,巡航,S008,O01,648.3899199999631,523.2593199999969,316926.3521468387,2553441.2534225625,374.3315734863281,713.5661199999887,778.8658000000014,318686.20128461556,2545556.1393129765,374.3315734863281,False,-6.204916327326984,未获全区间证书,False,True,True
221,R22,B,6800.084834417387,6898.737463811919,1806.0848344173874,1904.737463811919,下降,S008,O01,713.5661199999887,778.8658000000014,318686.20128461556,2545556.1393129765,374.3315734863281,713.5661199999887,778.8658000000014,318686.20128461556,2545556.1393129765,127.69999999999999,True,24.83936688437511,遮挡预算仍通过,True,True,True
222,R22,B,6898.737463811919,6899.0,1904.737463811919,1905.0,整数秒等待,S008,O01,713.5661199999887,778.8658000000014,318686.20128461556,2545556.1393129765,127.7,713.5661199999887,778.8658000000014,318686.20128461556,2545556.1393129765,127.7,True,45.92517525248826,遮挡预算仍通过,True,True,True
