货箱编号,服务区,架次编号,送达秒,硬截止秒,期望送达秒,优先系数,归一化加权延误
S014-MED-01,S014,R01,1237,3600.0,7200,22,0.0
S014-WAT-01,S014,R01,1237,3600.0,3600,12,0.0
S014-FOD-01,S014,R01,1237,,7200,10,0.0
S006-WAT-01,S006,R02,936,3600.0,3600,12,0.0
S006-FOD-01,S006,R02,936,,7200,10,0.0
S006-MED-01,S006,R03,936,3600.0,3600,24,0.0
S006-WAT-02,S006,R03,936,,3600,12,0.0
S006-WAT-03,S006,R04,883,,3600,12,0.0
S006-HYG-01,S006,R04,883,,10800,8,0.0
S001-WAT-01,S001,R05,1184,3600.0,3600,12,0.0
S001-WAT-02,S001,R05,1184,,3600,12,0.0
S001-WAT-03,S001,R05,1184,,3600,12,0.0
S001-WAT-04,S001,R05,1184,,3600,12,0.0
S001-WAT-05,S001,R05,1184,,3600,12,0.0
S001-FOD-01,S001,R05,1184,,7200,10,0.0
S001-MED-01,S001,R06,1382,3600.0,3600,24,0.0
S001-MED-02,S001,R06,1382,3600.0,3600,24,0.0
S001-WAT-06,S001,R06,1382,,3600,12,0.0
S001-WAT-07,S001,R06,1382,,3600,12,0.0
S001-WAT-08,S001,R06,1382,,3600,12,0.0
S001-FOD-02,S001,R06,1382,,7200,10,0.0
S001-FOD-03,S001,R06,1382,,7200,10,0.0
S001-HYG-01,S001,R06,1382,,10800,8,0.0
S001-HYG-02,S001,R06,1382,,10800,8,0.0
S010-WAT-01,S010,R07,1116,3600.0,3600,12,0.0
S010-FOD-01,S010,R07,1116,,7200,10,0.0
S013-WAT-01,S013,R08,1151,3600.0,3600,12,0.0
S013-FOD-01,S013,R08,1151,,7200,10,0.0
S012-MED-01,S012,R09,2481,3600.0,7200,22,0.0
S012-WAT-01,S012,R09,2481,3600.0,3600,12,0.0
S012-FOD-01,S012,R09,2481,,7200,10,0.0
S009-WAT-01,S009,R10,2439,10800.0,10800,8,0.0
S013-MED-01,S013,R10,2943,3600.0,3600,24,0.0
S010-MED-01,S010,R10,3344,3600.0,3600,24,0.0
S009-MED-01,S009,R11,2767,10800.0,10800,16,0.0
S009-FOD-01,S009,R11,2767,,14400,6,0.0
S002-MED-01,S002,R11,3370,3600.0,3600,24,0.0
S002-WAT-02,S002,R11,3370,,3600,12,0.0
S002-WAT-03,S002,R11,3370,,3600,12,0.0
S002-WAT-04,S002,R11,3370,,3600,12,0.0
S002-FOD-02,S002,R11,3370,,7200,10,0.0
S002-HYG-01,S002,R11,3370,,10800,8,0.0
S004-MED-01,S004,R12,3282,7200.0,7200,20,0.0
S004-WAT-01,S004,R12,3282,7200.0,7200,10,0.0
S004-WAT-02,S004,R12,3282,,7200,10,0.0
S004-WAT-03,S004,R12,3282,,7200,10,0.0
S004-FOD-01,S004,R12,3282,,10800,8,0.0
S004-HYG-01,S004,R12,3282,,14400,6,0.0
S002-WAT-01,S002,R13,3042,3600.0,3600,12,0.0
S002-FOD-01,S002,R13,3042,,7200,10,0.0
S007-WAT-02,S007,R14,3600,,3600,12,0.0
S007-FOD-01,S007,R14,3600,,7200,10,0.0
S007-MED-01,S007,R15,3600,3600.0,3600,24,0.0
S007-WAT-01,S007,R15,3600,3600.0,3600,12,0.0
S003-MED-01,S003,R16,3829,7200.0,7200,20,0.0
S003-WAT-01,S003,R16,3829,7200.0,7200,10,0.0
S003-FOD-01,S003,R16,3829,,10800,8,0.0
S015-MED-01,S015,R17,4356,7200.0,7200,18,0.0
S015-WAT-01,S015,R17,4356,10800.0,10800,8,0.0
S015-FOD-01,S015,R17,4356,,14400,6,0.0
S011-WAT-01,S011,R18,4650,10800.0,10800,8,0.0
S011-FOD-01,S011,R18,4650,,14400,6,0.0
S007-HYG-01,S007,R19,5211,,10800,8,0.0
S003-WAT-02,S003,R19,5822,,7200,10,0.0
S003-WAT-03,S003,R19,5822,,7200,10,0.0
S003-WAT-04,S003,R19,5822,,7200,10,0.0
S003-FOD-02,S003,R19,5822,,10800,8,0.0
S003-HYG-01,S003,R19,5822,,14400,6,0.0
S005-MED-01,S005,R20,5403,10800.0,10800,16,0.0
S005-WAT-01,S005,R20,5403,10800.0,10800,8,0.0
S005-WAT-02,S005,R20,5403,,10800,8,0.0
S005-WAT-03,S005,R20,5403,,10800,8,0.0
S005-FOD-01,S005,R20,5403,,14400,6,0.0
S005-HYG-01,S005,R20,5403,,18000,4,0.0
S011-MED-01,S011,R20,5933,10800.0,10800,16,0.0
S008-MED-01,S008,R21,6207,7200.0,7200,20,0.0
S008-WAT-02,S008,R21,6207,,7200,10,0.0
S008-FOD-01,S008,R21,6207,,10800,8,0.0
S008-WAT-01,S008,R22,6227,7200.0,7200,10,0.0
S008-HYG-01,S008,R22,6227,,14400,6,0.0
